author,content
山鹰寂寞飞,"第四章疑窦丛生人一旦有了邪念，再累也难以静心，林子躺下没一会就坐了起来，一边感念着红军妈的一饭一衣一鞋一床之恩，一边想着如何尽快偷到钱回去不惜做个白眼狼。　　人类不能躺下睡觉的最大原因，其实还是吃饱撑的。林子今天也是，他实在是吃的太撑了，甚至严重怀疑消化系统停止了运作，肚子如同蛇吞象般的挺着，硬的像块石头。　　激烈的思想斗争进行了两个小时，林子估计她娘俩应该都睡熟了，再六的犹豫后，决定还是去碰碰运气。　　他穿上裤子下床，刚要出门又折回头，因为衬衫还没穿，丢失上衣的教训可得
…
查看全文"
小恩的老公8,高中宿舍，晚上看到同学床上铺的床单很旧，还破，忍不住问：看你家条件挺好啊，没看出来你这么节约，床单破了还用着。同学一笑：这你就不懂了吧？你觉得我的零花钱哪来的？卧槽，这也成？我有样学样，把自已的床单故意弄脏弄破，接着和老妈微信视频说我床单太破了，需要钱买新的……只听微信那头传来一声怒吼：刚买三天的床单你在宿舍弄成这样？周末回家看我不打死你……
习燕返的严流弃徒,数学老师曾对我说:这个年纪，有喜欢的人很正常。但是，最好藏在心底，不要太高调。如果，你想起她，就做一道数学题，等毕业时，把做满数学题的本子，放在她面前，告诉她，你有多喜欢她，不信她不感动，这个主意真的很好，当我做到第二题的时候，我就不那么想她了。
胖香,我家邻居每天晚上都会有一个小时的揍孩子时间，有一次我实在听不下去，就去敲门，只听到里面喊：“别打了！不就30岁没找到对象么，你再打我就找隔壁那个……”高兴的我在家等了一个礼拜，他家竟然再也没打过孩子！
姐姐掉沟里了,十二岁那年，某天突然想到要学骑自行车，就推出老爸的老永久，在我家门前的场上学。或许是我天份还行吧，没多久就学会了！我兴高彩烈的骑了半天，累了，想下来，才发现一个问题：我不知道怎么下来呀？。。如果不是我爸妈回来的早，及时解救了我，那一天，说不定我就哭死在自行车上了。。。
青刺莓~,半夜又饿的睡不着。我拽着老公去了楼下那家熟悉的烧烤店。老公打着哈欠说不想吃，我说都怪你，非要拉我走路锻炼，消化太快了就饿～安排我们坐下的老板娘就批评我老公，不要强迫你媳妇多走路运动。我连连点头，就是。老板娘认真对他说：“晚上吃东西最容易长胖了，你媳妇这裙子新买的吧？本来就勒，再吃胖些就穿不下了！”
小恩的老公8,上次母校教学楼要重建，学校发出邀请，让我们这些师生回学校捐款！我们班主任感慨良多，说她教了那么多年学生，就我们这班学生最调皮，也是成就最好的，班里出了五虎将，每人捐了一百万……又说到我，你是班长品学兼优，咋就混了这么惨？才捐了五百？我说老师啊，我这还是我媳妇特准的，不然还没有！我每月工资才几千都要上交啊……这下好了，我怕媳妇这事在班里出名了……
骑着二哈啃黄瓜,开周例会，不是歌功颂德，就是相互指责，没意思，我先汇报完后，就登了糗百。。。把手机藏在笔记本下面看，左手微提笔记本一角，刚好挡住大家视线，正襟危坐，右手提铅笔滑动糗百界面，看着像在写字，为了掩饰，不时的点点头表示在听完后肯定或者认同。。。好不容易会开完了，老板很不满意，发飙:大家开会太随意了，不记录，坐没座相，别人发言私底下开小会不认真，就不能像二哈学习学习么。。。
义行天下7,小儿子说:爸爸！妈妈！哥哥！你们三加起来也没我一个重！大儿子不服道:咱爸160多斤，咱妈130多斤，我80多斤，加起来接近400斤，你说没你一个不到40斤的小家伙重？谁信呢？小儿子胸有成竹的说:你们三个都属老鼠的，我是属牛的，你们三个加起来还没我一个牛 腿重呢！这倒是实话！！！
走路不长眼睛,高三时，因为某种不足为外人道也的原因，我被学校开除了。我前脚刚到家，班花后脚就追上门来，哭着问我：你走了，我怎么办啊？老妈看看班花，又看看我，又惊又疑：你们……你们不会是那个啥吧？！我赶紧摇头。班花哭着说：大妈，他走了，我就是全班倒数第一了！！​
石锅拌着饭,今天开车经过昌都花园时，由于车速太快，溅了一妹子满身水。妹子气不过，打了一个车把我截住了，逮着我就大骂一通，你这人怎么开车的？知不知道我今天大姨妈来了，现在又冷又疼，你说说怎么办吧？我赶忙解释:对不起美女，我……前女友生要孩子，赶着过去……美女大怒说:都不是你的孩子你急个屁，让他打了怀你的，不然今天这事没完…
老巫婆～～,今天路过体育馆的🏀场，看见一群阳光少年在打🏀，我驻足观看。没想到🏀“嗖”地飞过来，砸中了我前面，可疼了～可我还得装作若无其事地说没关系，并用前面将🏀弹了回去，谁知那球还进了篮筐…[捂脸][笑哭]
歌歌哒f,刚拿到驾照时有天开车上路，前面一大姐骑着摩托车，可能衣服显小裹着腰上的肉一圈叠一圈好像某其林轮胎，我看的有些出神没注意她突然停车，结果追尾了，我赶紧下车查看并询问……大姐拉了拉衣服说道：小兄弟，我长这样是不是容易引起你犯罪啊……
空城旧梦她与伞,三个月前，表姐好不容易拿到驾照，就嚷嚷着要买车，而且一定要新能源汽车。表姐夫不同意，认为新能源汽车充电 不方便，不保值，开几年后，换电池又是一大笔费用。最终还是拗不过表姐，买了新能源 车，事实上也证明表姐夫确实想多了。哪还能开几年啊？三个月内，表姐就出了几次交通事故，好在人没大碍，车却已经撞报废啦。
带翅膀的老司机,早上查房，刚好碰到一个患者偷偷在病房抽烟，我看到了便吓唬他说，叔你在氧气筒旁边抽烟会爆炸的，快掐掉，结果大叔鄙视的看了我一眼说，别吓唬我，氧气是助燃的点不着，我是电焊工。我…
王飞王飞王飞,本人92年生，09年买了人生中第一辆奥迪，没拿家里一分钱，后来认罪比较及时，判了5年。
无书斋主,单位小李和她男票要分手，吵了好几次了，这不，今天她男票又来了！……小李：说了，我们不可能，我有喜欢的人了！她男票：怎么就不可能？原来不是好好得吗？你喜欢谁！我刚好路过，小李指着我：他，正哥！特么，幸亏我有点底子，不然会被打死！！……
带翅膀的老司机,前任大婚，为了不丢面子租了个空姐当女友，带去后，前任没多大反应， 但是新郎的脸都绿了，后来才知道，这空姐是新郎多年的爱而不得！
吴鑫卞布慧授伤,网恋一年的对象就要奔现了，到公园发现有个人很像我对象，染着n n灰，白衬衣，黑裤子。我按耐不住激动的心情，拍了下对方肩膀，对方转过身来，虽然年龄看起来比视频的时候成熟些，但多了份稳重，我微笑着注视他，等着事先我们约定好的拥抱。就在这时，耳边传来一个声音:咦！小五，你认识我爸？一回头，我对象拿着饮料吃惊的看着我。
-小门神~,我要结婚了，去老丈人家，他家只有我未来媳妇一人，我没忍住亲了她一下！正巧未来老丈人归来，撞见了这一幕！惊慌的我忙解释:我一高兴，没忍住……可婚礼前夕，媒人传话让我家多准备两千彩礼！我问为啥，不说好18.8万吗？媒人传达了未来老丈人的原话:我也一高兴，没忍住……我爸在一旁纳闷:这个“也”，什么情况[我考虑下]
胖香,娃儿放学回家兴奋的跟我说：“我们明天就进行开学第一考，老师说了，全年级排名一百名以外的，要打电话叫家长！”我试探性的问：“那么你对自己有没有信心能考好呢？妈妈不会接到老师电话吧？”人家委婉的抿嘴一笑：“妈妈，先不告诉你，我想给你个惊喜！”
心里的小鹿撞死啦,前天狗东上买了一人参，尝试了下人参炖老母鸡，不料我身体居然虚不受补，流鼻血了！我一看手里都是血，连忙找卫生纸，结果房间没纸。于是赶紧跑去客厅，对我妈说：妈 ，不好了，我流鼻血了！我妈一听，顿时大惊：快拿手接住，我刚拖的地！别弄脏了！
依丽若水,*这几天下雨，我感冒了再加饥饿，人都虚脱了。我说“老公，你去做点饭吧”他翻箱倒柜半天，卡巴卡巴眼“老婆，我给你做个红妢 佳 人 吧……”我胃口一下吊了起来，二货还挺浪 漫的。听着厨房稀里哗啦忙半天，端出来我酸水都出来了。。么地，罐 头杨梅烧萝卜，这不是下药吧[捂脸][捂脸]
无书斋主,周末从爸妈那吃饭回家，送我们回的爸妈白发苍苍，真的老态龙钟了！！二老送至小区大门口，望着他们依依不舍的神情，我不由感慨：爸妈，你们辛苦了，下辈子，我还做你的儿子！！我刚说完，二老掉头就走：有这辈子就够了，还下辈子！！……我……
z&L我们…,给侄子冲奶粉，没想到侄子喝了一口双拳紧握，浑身抽搐直蹬腿……我脑子里第一反应……这奶粉有毒！然后好奇心促使我也尝了一口，…烫死我了！
1912^O^,记得小的时候在游泳池里学游泳，教练扶着我在水面练习。突然教练的手一滑，扑通一下我就掉水里了。当时的求生欲望不知道为什么那么强，顺着教练的身体拼了命的往上爬。腿都盘到教练的脖子上，抱着教练的头就在那大喊“我要死啦！我要死啦...”当时全泳池的人都在看我俩。我觉得那次我快把我一生的水都喝完了。[打脸][打脸][打脸]所以，现在还是旱鸭子[切][切][切]
花落彼岸～任逍遥,今天我和老爸我们俩被我老妈训了一顿，原因是今天下午来个收旧家电的，嚷嚷着凡是老物件都可以卖钱，我老爸对收旧家电的说我老伴也够老的要吗？我接了一句能卖多少钱
沃土秋实,最合适的婚姻:一屋两人，三餐四季，狗在跑，我在闹，你在笑。夏天的傍晚一起散步，回家的路上顺手买一个西瓜，你说“太重我来提吧”。
花七七…,隔壁办公室的小李突然窜了进来，哈哈大笑道：我就过来冒个泡！说完用力一憋，令我们大吃一惊的是，那个“屁”成功把他 骗 了，声味色偕有
阿℡伦,儿子把水弄洒在电脑上，我作势要打他，他马上跑去搬救兵，还跟老婆告我的状，说我光玩游戏不管他就算了，还打他。没等我解释，老婆开口了:你一天除了打游戏，做饭洗碗，还能做点什么呢，看个孩子也看不住，对了，儿子作业辅导完了吗？“没有”，儿子抢先说道。然后，儿子被 训 得灰 头 灰脸回房间写作 业去了，而我呢，说多了都是泪，锻 炼 去啦……
走路不长眼睛,闷着头抽着烟，在大街上乱走，不小心撞上了一个女人。女人搡了我一把：走路不长眼睛！你虾啊？！我抓住她的手，又惊又喜：你咋知道我是走路不长眼睛？莫非，你也是糗友？！女人大怒：你才是球友！你全家都是球友！。。看着女人的背影，我凌乱在风中：难道我已经帅出了糗百，路人皆知了？！。。​。
吃了两碗又盛,一哥们，忘记了结婚纪念日，她老婆很伤心，很生气，哥们跪搓衣板自裁，，，他五岁的儿子经过他身前，歪着头想了一下说:跪人多忘事？
小恩的老公8,女人心，海底针，媳妇下班回来就和我闹，整整闹了一个多小时，媳妇从天南海北扯到全球气候变暖，从我俩第一次见面到如今七年之痒，我终于弄明白了，媳妇下班有个学生问路的时候喊她一句阿姨……
走路不长眼睛,小时候，和堂弟偷二叔的烟抽，被二叔发现了，揍得我们像猫叫一样。哭着哭着，我们就暗中较上劲了，一个比一个声音拖得更长，一个比一个嚎得更响！二叔越听越生气，就又揍了我们一顿，竹棍都打断了好几根。。。
骑着二哈啃黄瓜,养花花草草，我这边阳台的天天浇水，但是叶子枯黄，没有生机，一副衰相。。。我去闺蜜房间看看，同样的花花草草，人家的好久没浇水，花盆的土都皲裂开了，但是依然枝繁叶茂，生机勃勃。。。我都偷偷换过一闺蜜的花盆到我房间了，都没办法改决，闺蜜笑笑说是人品问题，瓦屮，是不是她发现了什么了。。。
青刺莓~,闺女每天早上都在电脑上晨读，然后用手机录音拍照去群里给老师检查。今天电脑居然断网了，晨读错过了，导致我被老师点名批评没督促孩子。中午跟老公视频时，我觉得委屈，老公很诧异说非要在电脑上读？前天不是发了课本吗？哈?妈耶我忘记了……老公问，孩子也忘记了啊？我转头问闺女，熊孩子转着脚丫子在看电视：“我没忘记，我不提醒你，我就可以少上一节课呀！”
静静1109静静,3月8日，巴菲特：我活了89岁，只见过一次美股熔断。 3月9日，巴菲特：我活了89岁，只见过两次美股熔断。 3月12日，巴菲特：我活了89岁，只见过三次美股熔断。 3月16日，巴菲特：我还是太年轻了……
帅是一种罚,今天，不更糗事，不打游戏。沉痛悼念抗疫英烈、救火英雄和在疫情中牺牲的同胞。[比心][比心][比心]🙏🙏🙏
初见&兔兔…,在姐姐美容店里玩儿。  店里来了一位男顾客要做脸。姐姐忙不过来，让我帮忙给男顾客贴面膜。我学着姐姐的样子，认认真真的给他把面膜贴紧紧的，平平的。正给他脸上刷冰水时，发现他嘴张大费劲的吸气呼气，我仔细一看，我把他的两个鼻孔贴的严严实实的。那面膜纸在他的鼻孔那一吸一吸的，吓坏我了。正在我忍不住想笑的时候，小外甥蹦蹦跳跳的唱到：猪，你的鼻子有两个孔……
千丝雨ベ万人迷,和老哥逛超市，看到一个姐姐全程都摸着弟弟的头逛着。哥哥:天天压着他的头，弟弟不就不长个子了么？我站在超市外的长椅上，抬起头指着哥哥鼻子骂:当年你不也这样对我的？
番.茄爱上西红柿,儿子在外面跟人打架，闺女气势汹汹地去帮忙，女汉子就是不一样，把人打得落荒而逃！儿子雄赳赳气昂昂地回来，一个劲地夸姐姐厉害！闺女黑着脸不说话，回到家把门一关，一巴掌把儿子拍到地上，指着儿子骂：怂玩意！让你去外面给我惹事！我在外面给你留着脸呢！下次再出去惹是生非，看我打不死你！
长生种·阿获,"过去村里养的土猪还有点野性，关在猪圈里也不消停。我家的两头猪特别能折腾，不是把地面拱得坑坑洼洼，就是拆栏杆，搞得我三天两头要修猪圈，修得不及时就要山里寻猪千百度。那会儿大家都穷，本来就没多少食物给猪吃，它们这么消耗体力，便更不长肉了。但是不养吧，过年都没肉吃。我只能每天去猪圈请安，跪求它们太平些。猪食的一个重要来源是镇上的小饭馆，老板和我关系不错，泔水都留给我，我每天下午都蹬着自行车去提两桶。唉，看看泔水桶里的食物，猪吃的都比我好。但是这恶心样，我实在没有和它们抢食的勇气
…
查看全文"
吃遍深圳,女上司家里水管漏水，一个月找我修理八次，结婚后我才发现，水管是被她捅坏的，就是想撩我，妈的上当了
无书斋主,走在大街上，如果回头率高，甚至有人围观是什么感觉？会不会觉得是明星或人缘好？？我觉得我就是个异类！……因为，昨天我忘记带口罩了！！！
一米五的小胖几,病房里给病人输液完毕，有个病人塞了好多吃的给我，我不要就说，我在减肥，不能吃！他愣了一下说，你看你，都瘦成啥样了，还减，说完再他就笑了！我去，我怎么有点心虚的感觉……
孤心傲月,学校门前，一名家长趁摊主正忙，把一瓶奶茶暗暗塞给身后的儿子，举着另一瓶奶茶付完钱正要走，身后的儿子嚷道：两瓶，我这还有一瓶！摊主皱皱眉，很快笑了：你妈妈这一瓶盖上有奖，那一瓶是奖品！孩子进校后，家长红着脸要补钱，摊主对她摆摆手道：票子是小事，孩子是大事。
吃了两碗又盛,儿子读陈子昂的《登幽州台歌》发现了问题:为什么前两行五个字，后两行六个字？我其实也不知道，但我感觉早期唐诗格式还不那么固定，就说:陈子昂是早唐的，所以，，，，，，儿子惊奇地看着我问:澡堂的？搓澡师傅？
静水*,刚才去楼下小超市买香皂，老板说六元一块。 本来说来两块，不知道怎么的说成了来两块钱的。 老板抽口烟，忧郁的看着我说：老弟，这个没切开卖过啊。
-小门神~,在求百聊天，已读信息显示✔✔，未读信息是✔！  我手机摔了，想试探一下互粉好友，故意发了个:借五百，修手机下月还！  他明明看了我信息，显示着✔✔。可半天不回我，失望之下消了粉！他后来微信转账给我三千:修个屁，买新的！居然消我粉？我忙了好一会儿，才看到你信息！咦！不是早就显示✔✔了吗？后来我看到手机摔出的裂纹处，形状就像是一个✔！原来他真没看到，真的是未读信息✔，是手机裂纹让我错怪他了[捂脸]
丫爸妈,早起和老公拌嘴，谁也不理谁，他给三岁的娃穿衣服，我在刷牙，牙刷伸得有点长，干呕了一声，娃问他爸，妈妈怎么了，他爸说，没事，你妈刷牙戳直肠上了！哎呀我去！
山鹰寂寞飞,"那年那人那山第二十一章：撞见丑事秀芬看见红军，多多少少有点意外，那天在操场她也是冲动之下告诉了红军父亲办公室的地址，过后就忘了这事，没想到这么远的山路，红军真的会来，内心竟有了一些惊喜。　　这个时候的秀芬，也真的想有个人可以倾诉和安慰自己，但也害怕父亲责怪自己有早恋倾向，愣在了那里。　　红军看见楚建国也在这里，心里虽有准备，还是有些慌张，他扬了扬手中的书本，不自然的朝楚建国笑了笑：“叔叔您好，我叫凌红军，是秀芬的同学，来给她补功课的。”　　天下所有的父亲，对别人企图自己女
…
查看全文"
骑着二哈啃黄瓜,和胖香去买早餐，炸油条，快卖完了，只剩下最后一坨正在做的面团。香姐问摊主：你这要是六片压在一起炸，能发的起来不？摊主双手一摊：可以是可以，就是没那么泡！香姐：那实验下，我按三份的价钱买。现在香姐拿着一个12个边的大油条，逢人就说，油条还是要控制点，太多油了，不能吃太多，吃一根解解馋就好。。。。
骑着二哈啃黄瓜,我常和周边的女生分享:女孩子家家的，不要太强，弱的女生有人疼，会哭的女生有人疼，能撒地滚女生那就更有男生妥协和让着你了。这不，刚才，部门一个很强势的女生和我请假:她和男盆友逛街，男朋友不让她买相中的裙子，就学着在步行街撒地滚，不小心滚到正在维修的下水道里去了。。。
骑着二哈啃黄瓜,闺蜜去年买了房子，然后有了车/贷又加房/贷了，从那天开始，她也开始养生之路。。。早餐，稀饭酸豇豆，中午晚上米饭青菜，诚然效果很明显，一年不到，120多斤保养成90出头了。。。现在好多女同事，都在学她的保/养之道，都在买/房/子还房/贷，按这趋势和效果，我估计该买两套了。。。
小恩的老公8,父亲很严厉，我打小害怕他，有天他喝了点酒，心情不错，就把我放脖子上驮着跑。我受宠若惊，兴奋莫名，忍不住边笑边用手拍着老爸的背大声喊着：得儿，驾！这时老爸估计酒醒了，缓缓的放下我，不一会，我眼里激动的泪花就成了泛滥的决堤……
新城里的旧街,最近女友追法证先锋，感觉整个人都不好了。昨天，我做了一桌子菜，女友吃了几口，我说：“亲爱的，多吃点……”女友立刻变脸，说我话中有话，菜里肯定有毒，非让我把一桌子菜全都吃干净…………
小猴子(houdk…,外甥做作业，我发现他每做完一道题都要抬头看看窗外的天，我很是疑惑，问他是不是老师要求的，这样对眼睛好，能预防近视。外甥回我说：舅舅真笨，我让老天帮我演算下，你不知道人算不如天算吗？怪不得每次考试成绩出来后，你家都是鸡飞狗跳，原来这也是“天意”。
偷惢,老妈最近迷上多肉，家里大大小小的好几十盆。刚回家看到家里又新来一批，那个小盆看着很是眼熟，定睛一看，这不是家里的碗吗！咱也不敢说，晚上吃饭时翻遍柜子也找不到碗，问老妈用啥盛饭？她给我丢过来一个不锈钢盆，正想跟老爸抱怨，然后看到老爸正在用水果盘吃饭……
～中～鱼,睡的正香被媳妇叫醒，让看她早上去公园拍的照片，不停的滑动着屏幕，一直问这个好看吗？……我：好看……媳妇：眼镜都没带就说好看，你敷衍我我：不好看的你会留手机里？
小恩的老公8,最近嘴唇干裂，看到抽屉里老婆的润唇膏，就涂了下，涂了一个星期，效果挺好。刚在玩游戏，老婆喊到：老公，你看到我唇膏吗？我回：哪个啊，你这么多。媳妇不开心的说：就是抽屉里我擦脚后跟的那只呀！晕，这唇膏我都用了好久了……
老巫婆～～,二货闺蜜刚拿到驾照就开着车得瑟地来找我，非要我坐她的车带我去兜风，我战战兢兢地坐上她的车。果不其然，没开多久就追尾了。解决完以后闺蜜豪气地揽着我的肩膀说：走～姐们，咱下一辆！雾草………我不想坐她的车呀……
再见单身狗,"跟老公谈恋爱那会还差一岁不到二十，从家长的思想里考虑我们都还只是个孩子，所以我们相处的时候就跟地下工作者似的，很注意保密纸里终究是包不住火的，我们俩还是被老爸老妈逮了个正着，一看情况不妙我赶紧让他快跑！他居然真的撒丫子没影了老爸的暴脾气脱掉大头皮鞋就揍我嘴还很大声的喝斥：小孩子家家的学人家谈什么恋爱，啊？老妈在一旁打边鼓：你那个小男友是个兔子精？我俩还没看清楚他长啥样子呢，嗖嗖的就没影了！其实老爸甩起的手很高，打在身上并不是很疼，为了让他们消气我只好配合着大声的喊疼！突然老爸
…
查看全文"
撞死一只羊,网购了个浴盆，忘了改收货地址，给寄到公司了，如何带回家是个问题，思前想后之下，用包装浴盆的袋子做了个改装，就背在背上，骑上电动车回家。春风吹着我光秃秃的脑壳，忽然有种感觉，要是多一把胡子的话，我就成了龟仙人了。
再见单身狗,晚上吃饭的时候跟老公聊天：唉，我发现一个很有意思的规律，就是一般情况下不管老板帅不帅吧，老板娘都很漂亮老公：那是，有钱的男人当然会选漂亮的女人了，就算之前的那个不漂亮，以后的也会漂亮！：听你这意思，你也想换漂亮的，就是手里没钱呗！老公低着头狠狠的往嘴里巴拉着饭：为了配上老婆大人的仙女颜值，我只有努力赚钱呗
程念念念,初中时，我英语一窍不通，又赶上老师评职称，要看成绩，考试时他看我一直在咬笔，就来到我跟前，敲着我的卷子说：“让你平时不好好学，现在不会了吧，说过你多少次，就是不开窍…”说着敲着，我那个惭愧啊，等他走后，我发现每道题的选项下面都有一个指甲印，那是我英语第一次考及格！
老巫婆～～,小侄发视频给我说想我了，让我去接他出来玩！我说你就想我呀？小侄：我也想爷爷、想奶奶、想表弟…还有呢？小侄：想玩手机……[笑哭]
偷惢,跟同事暧昧好久了，他虽然明显表示对我的好感，可迟迟不肯表白。今天我特意起了个大早做了份爱心早餐，想送给他吃顺便问问他的想法。哪成想到了公司却看到他跟别的女生打情骂俏，“腾”一下火就上来了，却又暗自窃喜没有表白。他看到我来了，过来跟我说话，眼尖的看到便当，问我:这该不会是给我吃的吧？我笑嘻嘻的回他:喂狗的！
首席陪笑官,相亲这件种事唯一的价值就在于：当你见到相亲对象的那一刻，你就知道你自己在介绍人眼中是个什么货色了。
骑着二哈啃黄瓜,和胖香去吃自助餐，寻思着她饭量比较大，递给她一个大碟子，她委婉的说:不用啦，这样不好。。。我善意的提醒:能吃是福，不。。。我话还没说完，她把那装面的大底盆子，直接端回了座位。。。
胖香,我理解不了孩子为什么上个网课费劲吧啦的，老师讲的那么清楚，作业还是不会写，题目就是不会做，那么聪明的孩子怎么就不把脑子用在学习上！娃儿扁扁嘴委屈的说：“道理我都懂，就是学不会，你不是也知道减肥就得少吃多运动嘛，可是你瘦过没有？”
千丝雨ベ万人迷,接到闺蜜的电话:我老公生病了，他的工资都是我拿着，让我拿钱过去顺便伺候他几天。我:是钱不够，还是需要帮什么忙？你尽管说！她:不是，我到医院的时候，他发小已经帮忙把住院费交了，还留下两个人陪床照顾他。我:然后呢?她:我家里还有孩子和老人要照顾，就给他留下点钱，我就又回来了!
欲前带枪侍卫,万万不要惹学化学的，他们会给你投毒。也不要惹学医的，他们会给你投细菌和病毒。也不要惹学体育的，你基本打不过他们。心坎实在憋屈难受，就去搞文科生，他们除了会发条微博背地骂骂，基本不能拿你怎样样，发完一准还删掉，怕被你瞥见。
-小门神~,我喜欢捏泡面，来缓解压力！那天超市购物，那里的货架中间是联通的！我看到泡面，手就痒了！我鬼祟地看着四周，一只手伸进去，从外到里挨个捏碎袋装泡面！我不知道的是，老板正在同一个货架的另一边，半蹲着身子，透过缝隙看着我手上的动作！我越捏越兴奋，最后一下，阴差阳错的我，死死捏住了老板的鼻子，嘶……
聊天不撩妹子,胃不舒服，去药房买药，药房像超市那种，处方药在柜台里的，外面货架上，可以自己需要自己取到收银台付款。进去问一姑娘治胃酸的在那？姑娘领我过去，让我自己选，我见治胃酸的药挺多种，价格也不同，中格和上格都挺贵的，蹲下发现下格有雷   尼    替    丁才五元。拿一盒去收银台交费。刚才领我过去那姑娘跟我说这种药不能经常吃。我问为啥？她说男人吃多了会变女姓化。边上收银的姑娘接话说道：老师傅没事的，你都这么大岁数怕啥一一一
聊天不撩妹子,小区的 垃 圾是环卫车天天上门 清 理的。刚才小超市买包烟，拆封时见环卫车在装垃圾，随手想把塑料  膜 扔垃圾车。手一顺溜整包烟扔进垃圾车，手里现在  粘  着薄膜，眼睁睁地看着车斗里滚筒卷进去的烟。。。。。
捉鱼不抓虾,午休时间，闲着没事，就喊人斗地主，项目经理闲着无聊，就过来凑局。开始抓牌的时候，也没说多大的彩头，第一把我的地主，我看牌挺好，双王四个二，几个对子，没顺子。就开始说彩头的事，他俩说你的地主，你说了算，咱们打够晚上消费的钱就收手。我看牌这么好，就想来把狠的，一把定输赢，就说一二吧，三炸封顶。我打了一个单牌小五，下家就一个K，我没A，不想把二炸这么早拆，就说要不起，然后下家就5到Q的顺子，我又是要不起，下家又出了四个小三。然后就看着我，就这样看着我。顿时，我心疼的比搬石头砸自己的脚都疼！！！
歌歌哒f,三年前想买辆小货车送货，得知我意向后，一朋友说：要买就买个二手车，实惠、性价比高，我觉得他说的有道理，于是就在他介绍下买了一辆，三年后我觉得那辆车不好开了就想再买辆，当我打电话给他时，他：买啥二手的？要买就买新的，谁知道你买到啥样的，新的开几年后还有再卖的价值，我觉得他说的还是很有道理，当我来到他说的地方时发现卖新车的跟三年前卖给我二手的是同一个人……
婷婷你好呀,我一家人嘴唇都薄，就我一个人厚，我妈经常很奇怪的看我，说：要不是亲生的，我真怀疑你的血统。其实她不知道，小时候我看玩杂技的表演喷火，脑抽地回家喝了口汽油含在嘴里，啪的一点火往外喷，脸都打肿了也没打灭，最后嘴唇就这样了。
我是谁∽谁是我,"小时候农村没啥玩的，大人们每天都要下地挣工  分的，在我刚会走路时，老爸去他战友家，给我抱回了一条小  奶  狗陪我玩。慢慢长大了，才知道那条狗母亲是猎狗，因为每次它出去都能给我整个小动物回来。什么野    鸡，野  兔啥的，它捉的最多的还是黄   鼠  狼，后来是越整越大，也可能是野生难抓了吧，它居然盯上副业队的鸡   鸭   鹅了。每次整回家，老爸都会给生  产  队送回去，老爸可能是烦了，就用绳子把狗给扣起来，但是没用的，它总是有办法跑出去。直到后来它拉回家一根绳子，把  命
…
查看全文"
撞死一只羊,和女同事开车出去办事，结果在一村子附近熄火，再也打不着。这时路边走来两个伙计，说附近有修车店，但挺远，得推过去。俩伙计说可以帮我们推，开价500，爱推不推。没辙，就拿钱让他俩推，俩伙计推的满头大汗，半个多小时后终于推到了。美女同事说：500啊，你真舍得！我说：那是，我一直拉着手刹呢！
空城旧梦她与伞,"那年在工厂上班的时候，喜欢同车间一个女孩子，她名字有个‘美’字，大家叫她小美。曾经向她表白，被她拒绝，后来听说她找了附近工厂上班的一个男孩子。她辞职那天，可怜兮兮的对我说行李太多，要我送送她。记得那时是月底，如果我请假的话，就会被扣五百全勤奖，还有一天的双倍工资。心里思量了一下，唉，不在乎了，毕竟曾经喜欢过她。大包小包十几个，辛辛苦苦帮她搬下宿舍，再找 一辆车，搬到她租房处，又是一个人走楼梯扛上去。搬完后，小美拿来一条湿毛巾，温柔的说道：辛 苦你啦，来，擦擦汗。我激动的接
…
查看全文"
义行天下7,"刚结婚时穷，一块钱恨不得当两块花！老婆跟着我不舍的吃穿，又生儿育女，受了很多苦，感觉很对不起她！如今奋斗多年过去，也算小有积蓄吧，当加倍的补偿老婆！今起的有点晚，早餐都没来的及吃，就买 了点早餐，我俩着急等公交 车去上班，当时上班高峰期，人太多了，我俩刚一上车，爱心坐的一位老奶奶就盯着我老婆心疼的说:姑娘啊，这几个月了，还出来挤公 交，来，赶紧坐这吧！说着就要给老婆让位置！也难怪，不怕大家笑话，老婆现在吃的隆出的肚子，真跟怀 孕四个月不相上下！老婆转眼怒视着我吼道:都怪你，天天让我吃
…
查看全文"
千丝雨ベ万人迷,夜班拿同事的手机听歌，，这时领导来了，我正发愁怎么不让领导骂我。幸好上一首歌结束，下一首开始就高&潮，我急中生智，拿起手机就对在机器面前测温度的同事喊:XX，你的电话!然后顺手把歌关了!
捉女妖的天师,昨天找工作的时候发了一个动态收到几十个赞和评论，正哥：咦？这地方不就是我们的公司么人事部经理问我的时候，对我还是比较满意的，一切商量妥当，临出门前我还特意提了一下我正哥就在贵公司上班经理突然又改变了主意，说明天不用来了
didididi菇…,最近准备辞职，因为我是部门经理，临走前的最后一项任务就是帮公司挑选一个我的继任者。想了想部门员工实际情况，大概分为两种情况，元老派和新手派。元老派那些人呢，太过于保守，只会按部就班做事，而新手派，经验不足，管理起来肯定不行！经过我深思熟虑，我推荐了平时给我送礼最多的那位。
聊天不撩妹子,刚刚到一新开业的酒店修电线路，进门后老板给俺送来胸花，说是今天来的都是贵宾，等会有酒席，俺要说的是他干麻不早说，俺还有一大帮兄弟在外面等俺去吃盒饭呢，有好事俺也不能叫独食的。不说打电话去
静水*,前段时间加了个女同事的Q，她整天就在说说里发些表白的话，也不知道给谁看，因为是同事也懒的删，直到今天她又更新了一条，内容是：这是最后一次表白了，告诉你个秘密，我这Q只有你一个好友。
小恩的老公8,一个年过的体重飙升，上班了以前的工作服穿不上，网上搜减肥方法，蔡徐坤吃一个虾饺嚼97下，细嚼慢咽减肥效果非常好！我夹起一颗青菜叶，刚嚼了三十下，老妈抬手给我一巴掌：不想吃滚出去！
思念是海水漫长白,今天一哥们在朋友圈发了一条动态：早上起来，尿尿、刷牙、洗脸、上班。不久后另一哥们神评论：今天停水了么？[捂脸]
程念念念,新到一个单位，领导很凶，不论男下属还是女下属，逮住就狠狠的痛批一顿，唯独对我，从来没有骂过，就连话都没和我说过，我一直很感激这位领导，一次单位聚会，同事们问这位领导：“领导，你为什么老是爱批评我们？”领导刚想回答，身边的另一位领导插嘴道：“他呀，专门挑漂亮的批评，丑的他连理都不理！”
吃了两碗又盛,我特么心态崩了啊，，想上网买双鞋，同样的app，同样的关键字搜索，我手机搜出来的都是几十块钱一双的鞋，我媳妇手机搜出来的最低139，最后用我手机买的，，，，，这到底是闹哪样啊？？
五百除以二,抱着小侄女举 高 高，逗得她一直笑个不停。后来有些累了，我就把小侄女往肩膀上一扔，准备扛抱着她回家。谁知道乐 极 生 悲，力气用大了，直接把小侄女扔出去了，脑袋先着地，磕起了很大一个犄 角，疼得哇哇哇直哭。。。。
我是谁∽谁是我,"昨天回的老家。。八十多岁的老娘有健忘症，说过年时我给她零用钱找不到了，还有我姐妹及孙辈给的加起来有一万多，怎么也想起放那了。让我帮忙找找，一通翻箱倒柜，找到抽屉底下的六千多，老娘接过钱说不是这个纸袋装的，然后又在床头后面翻出二千多，老娘说这也不是，能想到的地方都找了，就是没有翻到，累的一身汗，去冰箱拿瓶水，发现个塑料袋，刚准备看看里面是啥，老娘一把抢过去对着门外的老爷子说：老东西你进来，还说不是你藏的。。。都说见面分一半都是假的，赔一半道是真的。生姜还是老的辣啊！！！老爷子让我赔给他四千
…
查看全文"
新城里的旧街,找老妈问姨妈的电话号码，然后老妈直接截了个拨号界面图给我，然后我点开图片一直按拨号键，我这个脑子……还有的救呢
狐小乔,闺蜜家有一四岁姑娘非常可爱，有一次她犯了错，被她妈妈狠狠打了一顿，她就一直在那儿伤心的哭，妈妈不让她哭，小姑娘就撅着嘴说：“打了人家还不让人家哭，哪有这么不讲道理的人啊！”
倾心倾情%%,小阮说:记得好多年前老公给我买了个手链，一千来块钱。他说几十块，马德第二天我就丢了。直到几年后我发现了小票，才来了一次迟到的哭泣。你真好骗[捂嘴]
小恩的老公8,最近天气转暖，早上起来就去阳台呼吸新鲜空气，无意间看到玻璃上帖的年画掉了，捡起来帖上。今天又来阳台，发现年画又掉了，正帖呢，对面楼的小媳妇骂道：卧槽！你这臭不要脸的！我愣住了，问小媳妇啥意思？小媳妇恨恨的说：昨天我就发现你了，每天早上我练瑜伽你就两只手搓麻将似的对着我，别以为我没发现……
无书斋主,一同学年近四十，单身！邻居罗奶奶说她外侄女离婚半年了，有合适的帮介绍下！单身同学和罗奶奶外侄女见面后，双方都很满意！……前几天，我电话问他怎么样了，他很生气：正子，不是我说你，你给我介绍个离婚的就算了，关键她还要彩礼……我问多少？他：多倒是不多，八千！但我没结过婚，应该她给我才对！！今天他来电：正哥，我不要彩礼了，你给她说说，可以的话就早点结婚！！我……还是你自己说吧，我怕打！！
姐姐掉沟里了,结婚那天晚上，老公的几个朋友来闹洞房，硬逼着我俩当着他们的面亲 嘴！那就亲呗！我还没怎么投入呢，老公竟然一把推开我，捂着嘴跑出去，吐了。。。
姐姐掉沟里了,"表哥每次打电话给我，开场白都是那一句：表妹，我又失恋了！雷都打不动。所以看到是他打的电话，不等他开口，我就抱怨了他一顿：表哥，你可长点心吧！你说你都多大岁数了，咋还像个小破孩一样，天天网，恋，天天失恋！你就不能收收心，在现实中找一个，成个家，好好过日子吗？表哥被我骂得一愣一愣的，好半天才说：我本来是想告诉你，打算在年底结婚的。我高兴极了，忙问他女方的情况。表哥说：这个人你也认识，我前女友！好吧，你帅你说了算！表哥沉默了一会，又说：她嫁人了！新郎不是我！！得！还是老样子：又失恋了！！！
…
查看全文"
余莫寒,分享个我自己的糗事……背景是西昌某铁矿工厂工地，本人监理员…不割了……一天下班准备11路车回宿舍，大概两公里路吧！后面来辆摩托车，问我是不是下山，我以为是工地工人下班，就上车了。几分钟后到地方了，他来一句10块钱不用谢。我当时愕然[惊慌]，两个早餐费没了！[大哭][大哭][大哭][大哭][大哭][大哭][大哭]   这时我才明白天下真没有免费的午餐！！！[捂脸][捂脸][捂脸][捂脸]
番.茄爱上西红柿,不小心摔了一跤，家里没药油了，老爸心疼地直掉泪，说煮几个鸡蛋敷一下可能会好点，说着就进了厨房，过了一会就看到老爸端着一盘子鸡蛋，跑回卧室，我好奇，跟着去看，只听老爸小声地叫老妈：媳妇媳妇，你看我给你煮的水煮蛋，热乎着呢，你昨晚熬夜追剧眼睛都肿了，快敷敷，敷完我还要拿给闺女敷呢！
半截烟云,那年在一家火锅店打暑假工，跟厨房的人混熟以后，就餐厅只要免费水果没了，我就拿着盘子去切水果，顺便帮忙切下菜品，当时厨师哥哥直夸我刀工好，东西切的飞快。一天​店里特忙，学徒工生病请假了，厨房人手不够，于是厨师哥哥跟老板说我刀工好，想让我去厨房打下手，老板说:只要她能胜任，我就同意她去。结果，我过于表现自己的刀工，手指被切掉了一块肉。然后，老板以我私自加菜为由，再也不让我去厨房帮忙了……​
小恩的老公8,大学期间，有天我打球回来脱下袜子，那个味道像腌菜似的差点没把我熏背过气去。这时班里的小丽来找我要学习资料，一进宿舍闻到味，开心的说想吃腌酸豇豆了，问我有没有给她一点尝尝……我不太敢告诉她实情，怕把她给吓跑了……
程念念念,小时候，老爸钱找不见了，就怀疑是我偷钱，不由分说地抓过我就打。打的累了，就让我跪着，他坐沙发上抽根烟歇歇。然后他打开烟盒的时候，里面有一卷钱掉了出来，老爸特别尴尬的看着我，问我中午想吃啥他给我买，我冷笑一声：你等着，于是跑出去找奶奶。果然看别人挨打 ，确实别有一番风味……
-小门神~,在看电视，一位魔术师盘腿能飞跃高山大河！我告诉侄子，有些人其实真的会魔法，只是用“魔术”的名义将“魔法”掩藏起来！后来带侄子出门，他要坐电梯，我说走楼梯咱家才三楼，他不听，我就只好一人走楼梯！ 结果我比侄子早到楼下，他吃惊地问我:叔叔你居然比我快，你也会魔法吗？其实我是不小心从楼上滚下来的……[诶~]
吴鑫卞布慧授伤,跟五哥去逛街，正走着，迎面过来一帅哥，擦肩而过时冲我咧嘴一笑。我抓住五哥的手激动的说:刚刚过去的那个人好帅啊，他还冲着我笑诶！五哥一听脸都绿了，甩开我的手，冲了上去问他为啥冲我笑，帅哥一愣:你女朋友衣服扣子扣错了。。。​
偷惢,小时候周末帮忙种地，正常坑里放三四粒种子，当时图快一次扔进去七八个，放了好长一垄，我妈准备盖坑才发现，边骂边让我把多余的给捡了出来。本以为这事就这么过去了，下午邻居来了我妈还说我，等周一上学时全校同学都知道我种子放多挨骂了，为此他们取笑我好久。时隔多年，连我自己都忘了这码事，就在今天上班路上，听到有人喊我:哎！那个谁，小时候一个坑放一把种子那个，你叫啥来着？我……
孤心傲月,早上儿子发飙了：下午放学能不能别接我了，让我自己回来行不？我问为什么？天天接你不是为了让你轻松点儿吗？儿子从书包里掏出一大把零花钱：“天天直接给我带家来，给我零花钱干嘛？让我看着玩儿吗？”我...
a依然美好,想学人家跟朋友去野餐，刚把野餐布铺好东西放上，大爷就来问我苹果多少钱一斤[捂脸]
空城旧梦她与伞,以前在工厂上班时候的事，那天是五一，一大早同宿舍一个同事，说他女朋友过来了，约好在公园门口见面，邀请我一起去玩。我连忙摇头：我才不做灯泡嘞。同事嘿嘿一笑：你考虑清楚啊，我女朋友可是带了一个美女过来哟，还是个大美女。这个好！我立马答应，迅速爬起床，麻溜的梳洗一番。等到了公园门口，发现除了他女朋友之外，还有一个女的，他女朋友的妈妈，美不美先不说，确实年纪挺大的！！
青刺莓~,昨天老公生日，晚上视频时，他特别高兴，说几个同事给他过生日，他把同事都喝趴了。我说你也喝多了吧？老公：我清醒的很。我们几个玩游戏，谁的媳妇更优秀，开始我输惨了，最后我终于反败为胜哈哈~我饶有兴致问：说说我哪方面最优秀?老公满面红光：“小李用一万多的钻戒求婚成功，小张用房本求婚成功，只有我，那天下雨给你送伞，求婚成功，他们都认为我赢了!”我，，，，，
空城旧梦她与伞,和老婆故地重游，来到我们当初定情的那个农业生态园。我指着那棵荔枝树上刻着的‘小芳，我爱你一生一世’，对老婆说：老婆，还记得这个吗？老婆说：肯定记得呀，这是你刻的。我激动的说道：当初我们都在工厂上班，我暗恋你很久，那天厂里组织我们部门来这里农家乐，我一个人偷偷跑到这角落，想刻几个字表达爱意，太入神啦，你悄悄的来到我身后，我都没发觉。等我回头，你竟然答应我啦，现在想想这一切还像在梦里。老婆眼神迷离，思绪也好像飞到从前：是啊，当时你手上拿着一把刀，我能不答应吗？
五百除以二,"去肉摊上割了两斤牛肉，因为看到旁边的牌子上写着“买一送一”，就付了一斤肉钱，转身想走。谁知道老板揪着不放，非要让我给两斤的钱。我指给老板看。老板一笑，从案板下抽出一根很短的肋骨，啪一下剁成两截丢给我：喏！买一送一就是说，买一斤牛肉送一小截骨头！我拿着骨头左看右看，很是不爽：你这骨头剔得比狗啃的还干净，有个pi用？老板说：本来就是送给你喂狗的！不然呢？我郁闷的说：我不养狗！旁边有个卖菜的大妈飘来一句：单身狗也是狗！。。在大家的哄笑声中，我落荒而逃。回到家里才发现，特么的，我竟然忘了拿肉
…
查看全文"
吃了两碗又盛,二大妈没上过学，但是人聪明，学啥会啥。她心脏有点毛病，亲戚有会中医的，就去试试。针灸了一个星期，感觉大好了，亲戚也不要她钱，二大妈很是不好意思，心想不能总麻烦人家。于是，二大妈就从亲戚那偷了几根针，反正穴位已经记住了，回家自己扎。只扎一次，就把自己弄到抢救室去了。
姐姐掉沟里了,和闺蜜去逛街，碰到个帅锅来问她要V信。闺蜜忸怩半天，最后还是加了好友。我心想帅锅肯定要加我，就爽快的掏出手机。谁知道帅锅看看我，一拍脑门：啊！我的关注数量刚刚已经达到了上限，不能加你了！对不起！走了！我的手僵在了空中，脸上火辣辣的。尼玛！不想加就算了，何必找这种奇葩的借口！闺蜜看着帅锅的背影说：知道他为什么不加你吗？因为你胖！。。。
花七七…,这个月工资两公婆一共只有三千多，现在卡里只剩一百多，可老婆却说想买一样东西多久了，看着她渴望的眼神，我一咬牙，道：买！然后她拉着我到奶茶店，买了杯八块钱的奶茶。
小恩的老公8,媳妇这几天特殊时期，我每天小心翼翼的，媳妇第十六次问我谈过几个女朋友，我斩钉截铁的说就她一个。媳妇沉默了半天，一脸开心的说：老公，要不我们再生个孩子吧？我纳闷：我们不是有个儿子了吗？媳妇立马严肃起来：我就想看会生几个女儿，知道你上辈子到底有几个情人！
半截烟云,上班期间，LZ很少做饭，那天侄子说他想吃蒸 蛋，家里就我跟他两个人，饭自然是由我来做了，网上扒拉半天，找了些蒸 蛋流程，一个人在厨房鼓捣半天，我这么用心，你一定也认为我做得很成功吧！毫无疑问，我​是对得起自己的付出的，侄子吃完夸我:姑姑，你蒸的蛋很像马 蜂 窝，我妈妈都不会这样蒸……
花落彼岸～任逍遥,我老爸喜欢喝酒，小时候有一次给我钱让买二斤zhu 肝 下酒，结果我买回来还挨顿揍，一边打我一边骂:“让你买下酒菜你买个竹竿，你是不是知道我要打你而没有趁手的东西呀……
爱新觉罗.黄瓜,说出来你们可能不信，一旦解封，积压了两个月的份子钱，能随到让你怀疑人生！特别是今年年底，诸多的满月酒​将掏空你兜里的每一分钱！
轻狂少年9,老公是程序员，最近写程序写疯了，今天早上对我说：“媳妇你知道不，我昨晚做了个梦。”我：“啥梦啊？”老公：“我梦到自己死了，进了阎王殿，阎王爷让我给他的生死簿做个后台管理系统！”
芭蕉窗下听雨声,老公比我大了九岁。认识之后聊天才知道他外婆家在我们隔壁村。我调皮的说：那时候你怎么不来找我？结果他说：妹妹，我小时候去外婆家玩看到一在地上爬的光*屁*股孩是你不？[捂脸][捂脸]
撞死一只羊,老板在开视频会议时不小心打开了滤镜，把自己变成了一颗土豆。因为不知道怎么关掉滤镜，整场会议，他都被困在土豆里……
昭襄王,最近在追剧，发现女配角好美，但是要付费，为了看美女，我平生第一次花了50块钱充了会员，没想到下一集她就死了[捂嘴][捂嘴][捂脸]
悠悠一笑……,"那些年打工的日子   《1》记得那年刚出门打工   通过亲戚的介绍去了一家工厂做学徒   学徒嘛   工资不高  几百块一个月     不知道会不会够用  也不知道明会怎样   迷迷糊糊中     为小林的打工的生活  拉开了序幕离开家的时候  老爸对小林说  外面可不比家里   到哪都得用钱  就算上个厕所都得给钱  所以钱得精细着花  谨记着这句话   小林小心翼翼的去接触这个世界亲戚带着小林去见了老板   他和老板
…
查看全文"
石锅拌着饭,小时候爸妈在西藏打工，那边天气冷，随时都在外面捧雪塞碳炉锅里面烧水洗漱。有一次爸妈不在，我怕水冷太快，就把锅放炉子上一边烧水一边洗脚，洗完之后的水忘了倒，老妈回家之后将就那水又是煮饭又是烧牛肉，等我知道的时候菜已经上桌！知道真相的我坚决不吃饭，可难得做一顿好菜，爸妈由不得我不吃，拿筷子对着我又是灌又是往喉咙里捅。惊恐之下我终于说出饭菜是洗脚水做的……想象中的不用再吃饭没发生，而是一顿混合双打之后接着灌，用老爹的话说:吃的脏，不生疮……孩子在长身体，不能浪费了！
小恩的老公8,走路不方便打字，就语音输入，和领导汇报工作。领导听完客气的说：小李这段时间辛苦了，你付出的我看在眼里，下个月给你涨工资。我一听非常高兴，按着语音键连忙说：不辛苦，不辛苦，应该的。这时旁边过去一位大哥，大声的说：特么，太累了，老子不做了。他成功的把我的声音吞没了……
千丝雨ベ万人迷,昨晚的在家和男票语音聊天！聊着聊着男票说了一句我不高兴了话！我当时就来气了！就发了一句语音对男票说:有本事你再说一句！谁知道坐在沙发上看电视的侄子来了一句:傻姑姑你想听！不会再点一遍吗？干嘛要他再说一句，你以为他还敢说吗？
千丝雨ベ万人迷,老妈没在家，自己做饭吃，发现炒锅有一个小洞，内疚自己不会做饭，好不容易做一次，还把锅弄坏了。于是从网上买了一个七百多块钱的锅。老妈回来后，说:以后你做饭吧！好吃难吃，做好做坏，都不嫌弃你!反正家里的锅碗瓢盆都该换了!
清风醉人2,"怀念夏思思烈士，我的的老领导老战友的女儿！转发个文章，以此哀悼！55、夏思思，武汉的女儿2020年2月23日星期日 协和江北医院/蔡甸区人民医院今日发布公告：夏思思医生1月19日在救治一线被感染，医院全力救治。2月7日病情恶化，紧急将其送往武汉大学中南医院救治。2月23日清晨6时30分，经抢救无效在武汉大学中南医院去世，享年29岁…… 思思的爸爸是一名军人我也是一名军人我女儿十八岁，假期居家安闲休息足未出户，尽享阳光和春意可夏医生走了，仿佛只在倏忽间与自己两岁的女儿已隔千万
…
查看全文"
胖香,昨天娃做了个小花篮的折纸送给我，得到了我的夸奖，过了会又做了个千纸鹤送来，我夸张的表示了感谢，并且奖励了她一块巧克力……现在我收到了闺女和小侄子忙忙叨叨一天的成果——纸裙子，纸钱包，纸手机，甚至还有纸房子和纸汽车……
夏有凉风秋望月,老爸老妈二十多年了一直相敬如宾，从来不        见他们吵架。我问老妈：你和俺爸咋保持的？老妈笑着说：还不是因为你？我发火会揍人，就想打你，你爸马上认怂！反之，惹你爸生气了，你爸想打你，我马上认错！……哇噻，想不到老爸老妈对我这么好！老妈停顿了一下又说：我们当初不小有了你，然后一致决定把你生下来，没事揍着玩！直到有一天，发觉不能再打了，再打就傻了，嫁不出去了……
天热打鼓球,小学时，我和另外两名同学一直是班里倒数前三名。我们仨十分团结，成绩稳定不说，动手能力还强，经常和同学打成一片，人送外号——铁三角。后来老师只用了一招，就瓦解了我们的铁三角：一次考试后，他让我们中成绩好的那个，打另外两个人的手板，并说，下次还这样！
千丝雨ベ万人迷,小时候，一天给地里干活的爸爸送饭，忘拿筷子，见他把小树枝用小刀削了皮，刮光滑了，当筷子，我收到启发。。回来的时候，在地里捡了好多小树枝，打算回家加工筷子，赚点零花钱!晚上大伯来我家，对老爸说:今天刚种上的小树苗就被你家闺女拔下来了!
无书斋主,昨晚陪老婆逛商场，她嫌我总说这不行那不行，就让我在大门边的咖啡馆等她！！这咖啡馆不错，好喝，续杯还不要钱！！便宜果然不好占，我续到第五杯的时间，吐了！！……
带翅膀的老司机,昨天吃鱼被卡，去医院取刺，痛哭流涕说:疼死了，以后再也不吃鱼了，那医生说，别啊，有个人来我这六次了，每回都这样说……
吴鑫卞布慧授伤,在男友家，他妈妈不在，烧饭的重任于是我承担了，想表现一下，心血来潮烙了锅厚饼，不知是面没发还是火太大，饼烙的太硬了，刀都砍不动，为了缓解我的尴尬，男友老爸拿了个锯子把饼锯了，一家人面目狰狞的啃了两个小时才啃完，都说挺酥脆。这样的家庭真是太好了……
无书斋主,老婆喜欢吃鱼煮豆腐，但买菜的时间，没白豆腐了，没办法就买了鸡蛋豆腐！！……汤做出来味道还不错，但实在不好看！！……就在我吃的津津有味时，隔壁刘大娘过来串门，问鱼汤怎么煮成这样，老婆回她说宝宝拉稀，泼了点进去……好吧，刘大娘到处宣传，小区的人见我就问味道怎么样！！！……
我是谁∽谁是我,下班回家，见老婆穿着围裙在做饭，感觉脸色不大对，连忙拍马屁：亲爱的，你真好，辛苦了辛苦了。收拾上桌准备吃问我：味道咋样？好看吗？我连忙：好看，色香味聚全。老婆听后给了我一巴掌：你都没尝，怎么知道味道好的？我又说：闻着挺香的。啪！老婆又是一巴掌。我：那你告诉我该怎么回答？老婆摸摸我的脸：我就是想打你，我手指上创可贴你都没有发现。我。。。。
你不懂蛋蛋的忧伤,很多人只是看起来长大了而已，学着别人的样子努力工作，学着别人的样子追求金钱地位，假惺惺的希望人生步入正轨，而实际上每天人出门以后，灵魂都还窝在被子里看动画片。
胖香,网购了烧烤撒料，包装也太简陋了，想起床头柜里有个空零食罐子，就顺手把烧烤撒料拿我屋里装，味道太香了，激动的心颤抖得手，床头撒下一大口，擦干净都有味儿，夜里闻着味做梦在烧烤店打工，忙活一宿！
小恩的老公8,那年大四，老妈在学校附近开了家便利店，中午经常有女同学出去买瓶水，小零食。老妈忽然大方起来，让女同学帮我捎瓶水什么的，同学都羡慕我有个好妈妈。过了段时间，有天老妈贼兮兮的跑来问我：狗蛋，谈了女朋友没有？我认真的说：没有啊，都没有女生正眼看我。老妈盯着我看了看，猛的拍了一下我的头：烂泥扶不上墙，我牺牲这么多吃的，每天让不同的女生带给你，你居然一个都没撩到？你还好意思？愣是长胖了这么多……
偷惢,公司新来个同事，早上老大领着和大家一一介绍。小伙子很是帅气，也很热情，还夸我长得漂亮，给我乐坏了，大家认识了一下并交换了联系方式。十点多我把一些网站资料发给他，想让他更新一下公司网站，结果发现拒收。去大办公室一看人没影了，一问才知道，原来人家是嫌弃公司里没有美女，走了！
义行天下7,儿子写完作业拿来让我检查，今天写的第一个字是“羊”，我看着一整张的“羊”，真让人头大，问到:你这“羊”写的也太不整齐了吧，大的大，小的小，要一样大才好看，看这大的比小的两个都大，这可不行啊！儿子挠了挠头，然后疑惑的说:爸爸！我爷爷家养的五只羊都不一样大啊，有大有小，那大的比小的三个都大！我是不是该动 武力了……
-小门神~,同事小美给我带了一本古籍，我按原价给了她200！她说店里打5折，然后我脑子一抽，又给了她100！她笑我傻，一本书付两次钱！于是按五折，两次一共给了她300，她转账还了我150……你这数学…[诶~]
小鸽几,看到老公在抽烟，就说让他把烟戒了，对孩子不好。看见他喝酒，让他把酒戒了，孩子闻不得酒味儿。某天老公终于忍不住问我“你一次说完吧，还想我把什么戒了！”我想了想，“你把色戒了吧，带孩子没兴趣想那事儿……”老公“不喝酒不抽烟也就算了，现在让我把色也戒了！咋滴，我是你睡在隔壁的兄弟？”
空城旧梦她与伞,九几年的时候，我读小学二年级，当时我们那小山村还没有通电话。记得那天是端午前后，一场狂风暴雨，马路上的水差不多到大人膝盖。当时我乐坏了，和我爸说今天不去学校啦。我爸断然拒绝，说道：养儿不读书，不如养头猪！今天必须去。然后我爸打着赤脚，背起我，冒着狂风暴雨。在我爸带领下，村里其他做家长的也行动起来，一起二十多个人，浩浩荡荡的向学校走去。好不容易到了学校门口，却发现大门紧闭，门口一张通知，说因为暴雨放假一天……
蒋老先生,当你失败的时候，身边会有一群关心你的人，他们会问你发生了什么事，听听你的失败经验，然后心满意足地离开。。。
狸土豆大人,男友第一次去我家见父母时，爸妈和哥嫂都特别热情，洗水果泡茶散烟什么的，深怕他渴着饿着或无聊，准备的饭菜也是事先问好了我他的口味，可以说是招待很周到了。从我家走后，我很开心地问他见了我家人什么感觉，他想了一下，然后说 ：“你们家就你最矮！”
帝国守卫,由于疫情，一直没回过媳妇家，这不，好不容易放开了，决定和媳妇一起回去看看。到了她家，老丈人开门，吃惊的看着我们，问我，姑爷，你带的这个胖丫头是谁？我说，爸，别闹，你丫头啊！老丈人说，才三个月，咋的，胖的要出笼啊？我这郁闷，爸，这是你亲丫头啊！老丈人继续嘟囔，你这姑爷也是，人家丫头送过去，回来都是一大一小，你这好吗，我送你一个瘦丫头，你还一个Plus！嘿。媳妇，媳妇，别闹，这是你亲爹，这是你家，你说你，回家好不，这好不容易来了，你这还不进家啊！
老家菜姐,我就不信了！我会生娃！会干活！能挣钱！怎么TM的就减不了肥！今天在此立贴为证！明天开始减肥！！！必须减！吃完这顿一定减！
千丝雨ベ万人迷,小时候同桌成绩不好，我又没自信心，觉得什么都不会。经常抄同桌答案，跟着一起倒数。那次我和他因为小事吵架，非常生气，不抄他答案了看他选A，我就选bcd中的一个，反正不跟他一样。然后我的成绩公布了，离奇的第一次进入了班级前十。。​。​
吃了两碗又盛,儿子的生物题有一道印错了，“吸收”印成了“呼吸”，老师在群里进行了更正，可我忘记告诉儿子了。所以儿子的这道题是这样答的，“人体消化道器官中，既是消化器官又是呼吸器官的是（ 肛门 ）。”
青刺莓~,这些天不能出门，闺女闹着说好闷，我就给她戴好口罩，让她去楼下小区晃一会就回来。闺女回来后说认识了一位朋友，他们聊的很开心。昨天下小雨，她抱着一本童话书非要下楼，说跟朋友说好了的要讲故事的，她要讲信用!我就打着伞陪她一起下楼了，但小区里没有小盆友，正疑惑时，小区侧角凉亭里一戴口罩的白头发大爷对着闺女招手，说：“这里这里，你今天要讲什么故事给我听呀?”
石头，剪刀，破布,晚上下班买了把青菜放在了餐桌上，吃饭的时候高三的儿子问我:“妈妈，这菜是油麦吧？”我没吭，扭头看女儿，女儿说:“我吃过这菜，可难吃呢，叫啥……啥……来着，记不起来了。”[捂脸][捂脸][捂脸][捂脸][捂脸]这还是地道的农村孩子吗？怎么连颗芹菜都认不出来了。。。。。。
绦子,最近老是忘事，难不成记忆力要出问题？为了锻炼记忆力，下楼取快递时特意默默背诵了好几遍取件码，就没把手机拿出来…还好，取件码没错，顺利取到了快件！心里😄啊，记忆力没问题！三步并作两步跑上楼，到了家门口蒙圈了，忘带🔑了我擦…～
青刺莓~,老公从过年到现在一直上班，可能是累着又上火，鬓边起了两个大痘，又痒又疼的。昨天休假，干脆就剃了光头。一到家，我打趣他，大师，好久不见呦！老公抿嘴一笑，单手作揖：阿弥陀佛。我哈哈笑起来，旁边的闺女拉着我进了卫生间，着急问：“妈妈！爸爸怎么是和尚？难道我的爸爸不是他？”
小恩的老公8,表弟刚谈的女朋友分了，我语重心长的说：现在你也老大不小的了，女孩长的不错，又懂礼貌，差不多得了，别太挑。表弟委屈的说：我也不想分呢，我查了下她网购记录，一个月三四千。我在快递公司上班一个月才那点钱，都不够她网购……
空城旧梦她与伞,邻居家昨晚杀猪，送了我家一点肉，一点猪血。打算早餐做个猪血粉。在厨房里一不留神，手指被刀划破了一点皮，有两滴血落在了猪血里。痛的我哎哟一声，六岁的女儿听到声音跑过来，看到这情景疑惑的说道：爸爸，这是不是电视里放的滴血认亲啊？你和这只猪是不是亲兄弟啊？
无书斋主,老爸八十八岁生日，我特意问领导要了瓶三十年的年份酒！吃饭的时间，我做老妈的工作:妈，今天爸的生日，就让他少喝点，这酒好，柔和……。没想到老爸一巴掌拍过来:老子不喝，白酒伤身，我还想多活几年！我……
千丝雨ベ万人迷,小时候羡慕大口喝酒大口吃肉的豪爽汉子。一次喝多了，看着仰头灌了一杯又一杯的男友说到，你离我心目的男神就差十斤牛肉了!男友:那么多肉我可吃不进去，要不把我外甥也收了吧，他拿起鸡腿，肘子，几分钟就啃完了!我小声的问:你俩都当我男朋友吗？
天然呆.。oO,我请同事吃饭，点了很多菜！其中有干锅鸡，油焖鸡！同事问：点一个鸡就好了！这两道菜不是一样的吗？我指着这两道菜说：它们不一样！同事问怎么个不一样法？我说这两只鸡，它们死法不一样…[挖鼻孔]
我是谁∽谁是我,前段时间买  房 差 钱，跟小姨子借了几万。昨天有笔尾 款到账，刚刚转给她还她钱。就逗她说：妹子你的大恩大德，这辈子估计报不了，下辈子我做牛做马也要报答你。小姨子：姐夫，你是想碰   瓷啊，我这辈子小时候割的草够多了，难道你还想让我下辈子去割  草喂你？我。。
天热打鼓球,买车时，我想买个配置高点的，老婆嫌贵，觉得能开就行，低配就够了。之前有约定，我只负责选车，预算她说了算。但她又不懂车，我只能循循善诱，告诉她配置高有高的好处。就在她的态度朝我的预期慢慢转变的时候，销售顾问的一句话毁了这一切，他说：先生说得有道理，其实也没贵多少钱，三年算下来，一天不过是一杯奶茶或一个抹茶蛋糕的钱。神特么的助攻！
义行天下7,老婆买了两个炸 鸡 腿，给十二岁大儿子一个，然后又给五岁儿子一个，说是不偏不向，公平对待！一会老婆说地板脏了，让大儿子吃完鸡 腿把地板拖一遍，大儿子满脸不悦道:妈妈，既然对我和弟弟一样看待，那地板一会我和弟弟一人拖一半吧！熊孩子真会扯……
五百除以二,一次去相亲，看到女方牛高马大，相貌平平，就有些不乐意。但出于礼貌，还是请她和介绍人吃了顿饭。介绍人一直夸女方力气大，是干活的好手，还说我娶个这样的媳妇，以后就省了不少力气。我忍不住说：那我不如买头牛算了！牛力气更大！女方一听就恼了，把筷子一拍，站起来，冷冷的说：那你就娶头牛当媳妇，过你的日子好了！她走出几步，端起我面前的茶杯，一下子泼到我脸上：渣男！！
吴鑫卞布慧授伤,记忆力不好，今天看到老爸换上大衣外出，我看了一眼和老姐说:姐，爸穿我买的这款大衣很合身呢，当初老妈非说我买大了，你看，不刚刚好吗？老姐笑笑:你看错了，这件是我前段时间给爸买的，你买的那个越穿越大，老爸直接给扔了。。
石头，剪刀，破布,我家一墙之隔的东院大娘说忘了拿家里的钥匙，不能进门了，想从我院里的梯子上房过去(我们这一片是平房，房连房那种)，我说可以，可看着大娘那常年腿疼快罗圈成圈的颤悠悠的腿，赶快紧跟着大娘，生怕她上房有个闪失，我在跟前还有个照应不是。上到房上，跟她走到她家的北房顶上，我哪儿也找不到她家的梯子，心说这怎么下去呀！正纳闷呢，一看大娘已经走到了她家的偏房上边，抱住离房子不远的一根废旧的电线杆，正顺着电线杆往下秃噜呢。。。。。。大娘……慢点……再慢点呀[捂脸][捂脸][捂脸]
空城旧梦她与伞,年后从老家过来，被要求居家隔 离十四天，今天终于期满。把家里收拾了一下，这些天喝酒剩的瓶子，媳妇网购拆的纸盒，还有厨房里清理出来的几个坏电器。看着这一大堆，头疼，于是联系一个平时关系不错的保安小张，说给他一百块钱，帮我清理一下，小张是满口答应。不一会他就来了，还带来一个收废品的，等他俩把这些全部装上三轮车，我在阳台看到，收废品那个，也给了小张一百块。
番.茄爱上西红柿,男同事找我，说他初 恋忽然加了他v信，还秀娃给他看，想借我儿子给他拍个照发朋  友圈，我没有多想就答应了，下午带儿子跟他出去拍了几张照片！晚上躺床上刷朋 友圈，看到他发的朋友圈，他抱着我儿子，儿子手上拿着一把枪，俩个人笑的可开心了，配文：像不像我？？我正想评论，忽然发现老公正探头过来，一脸狐疑地盯着我手机看……
无书斋主,今天老婆的同学从福州来长沙，去机场接的时间，我开的一哥们的豪车！她同学（女）坐下来在挂挡处拿起一张小卡片，微笑着对我说：正哥，不该放的还是别放啊！！我正想说车不是我的时，她又来了句：唉，正哥，看你温文尔雅的样子，其实是个渣男！！……我……
晨风拂柳画卿颜,结婚时去买项链，媳妇儿看中了一款，我看款式特别丑，就说不好，我帮她挑。媳妇儿生气的说：你敢质疑我？就这一款了，非买不可！我叹着气付款……前几天收拾东西，媳妇儿看到买回来就没戴过的首饰，对一边的女儿说：等你长大了，这些都给你戴！五岁的女儿头摇的像拨浪鼓：不要！不要！你买的东西都不好看！真是小棉袄啊！有共鸣！我一把抱住闺女，闺女嫌弃的推开我说：你看我爸长这样，你都能看上！
歌歌哒f,媳妇刚怀孕时，我们学了上百种育儿小知识，看了几十个育儿段视频，孩子出生后我们发现拿他根本没办法，最终经过长时间的摸索、探讨、再集合实际情况我们终于可以大展拳脚了……
无书斋主,我这个人，买东西不喜欢讲价，所以就去熟人那里买！！昨天去水果店买个西瓜，称好，老板说五十五块钱！！我看了下标价，三块一斤，西瓜不大，不可能有十八斤多……于是，我加大声音问：多少钱？？唉，熟人啦！！再问一次变三十四块了！！！……
番.茄爱上西红柿,和老公逛街回来，看到小区门口贴了一张寻狗启事，老公凑上去认真看了会，皱着眉头嘀咕：这个不对啊！边嘀咕边冲我说：媳妇，我刚给你买的那支口红呢？给我下！我边从包里把口红拿出来给他边问干嘛，老公接过口红，在那张启事上圈圈点点：这个狗主人啊，一定是个马大哈，你看这个重酬的酬写错了，少了一横！还有这个，这里也错了啊！我给他改下啊，好啦，媳妇你快来看，是不是看起来舒服多了！来，口红给你，别说，这颜色还真不错，真打眼！
无书斋主,昨天一同学来家里吃饭，两个人开了瓶酒！！他老婆总是代他喝，我恼了：要不你喝，你们两个喝我一个？不行！今早醒来，老婆告诉我，昨晚那瓶酒差不多我一个人喝了，她全部喝的白开水！……她看着我生气的样子：看什么看，你醉了省钱，不然还得给他俩开房，你还答应给他送两条烟，醉了，就省了！！……我……唉，这话一说，舍不得踹了！！
胖香,今天从网上团的十斤大蒜到货，我笑的嘎嘎得意跟我妈炫耀：“看到没！啥叫过日子，十斤大蒜比市场的能便宜一二十块！”我眼见着我妈那眼睛从梗缝瞪圆了就开始骂我：“你要死啊！院子里的蒜薹已经吃了两茬，鲜大蒜都能吃了，你个缺心眼的还买十斤去年的陈大蒜干啥？从今天起，你就拿大蒜当饭，吃不完别想吃别的！”
leo咫尺天涯,马上生日了，邀请男神陪我过。他问我生日愿望是什么，我害羞的说想要一对象，第二天他真送我一对象，还是桃木的……送给我辟邪嘛？？
绦子,公交车坐够了，准备骑行去单位！下载地图查询家距单位最近距离，忽然发现有智行选项，也就是最聪明的出行方式了吧！打开一看有点毛，因为它建议我坐公交车😓…～
放弃or被放弃,晚上睡觉前，我跟我女朋友吵了一架，她竟然说了狠话：“我以后不认识你！” 这给我气的，不认识就不认识！转身睡觉。。。 过了会儿，女友推醒我，说：“傻样！不认识的人多有新鲜感啊！咱们来聊会天!”
新城里的旧街,鼻炎犯了，用棉签塞鼻子里面，女友看到了，甩着两根大葱丢给我，说道:“装象用这个…………”
半截烟云,LZ小学时每年都能喂两头大 肥 猪，大人每天农忙，喂猪的活儿一般由我和哥哥俩人承担，卖猪的钱呢也是我俩的学费，所以我比较上心。哥哥总是偷懒，有时下了学就在外面疯玩不回家，小小年纪的我只能独自承担，有次猪 食蒸晚了，猪饿得厉害，刚把猪 食提出门，就连人带桶被猪 拱 倒在地（散养），猪 食撒一地，俩头大肥猪还边抢食边把我拱到一边。说不清那是啥味道了，反正不好吃……​
撞死一只羊,和一哥们喝酒，喝着喝着聊起一位领导。说这领导人不错，哥们小沉默了下，说了四个字“那是我爸”。当时鬼使神差有如神助的问了句：“亲爸啊？”哥们喝的有点大，犹豫了一会说，“应该是吧，都叫了二十来年了。。。”
千丝雨ベ万人迷,办公室里，我拿出一包糖和几个巧克力，馋嘴的同事凑了过来。她打开一个巧克力，边吃，边看着包装，说到:咦，你买的是假的吧，生产日期3月20，还没到呢！提前生产卖出来了？我看着她嘴里的巧克力，没敢告诉，她其实看到的是保质期，20号之前不吃完就过期了
再见单身狗,"姐们家开一个劈柴地锅炖有些年头了，每天的客流量挺高，按说喜欢去那吃的都是冲着那个柴火烧出来的那个味儿，饭菜会比煤气罐烧出来的好吃早些年可以理解，可是近两年已经禁止用柴火了，而他们家的饭菜从来没有变过味道莫非有什么秘方？带着一丝好奇我就偷偷溜进了后厨，发现了一点问题就是他们用煤气罐上做饭的时候，都会用一个报纸折叠的小包包在锅里面撒一些东西这大概就是独家配方吧！我在心里面想着，突然肩膀被姐们拍了一下，“不用想了”姐妹说，小包包里装的就是从老家收过来的地锅烟囱的灰！我简直惊呆了：人们
…
查看全文"
空城旧梦她与伞,和媳妇在公园散步，看到几只五颜六色的蝴蝶，姿态轻盈，在娇艳的花丛中穿梭往来，络绎不绝。看到如此美景，媳妇连忙拿起手机拍照。拍了好几张后，我在一旁提醒道：媳妇你看，这只蝴蝶好有意思哟，一下和这只玩，一下围着另一只绕圈圈。媳妇听后，拉下脸，收起手机，脱掉一只高跟鞋，‘啪’的一声，把那只蝴蝶打落在地上，并踩上一脚。这突如其来的动作让我十分不解，媳妇盯着我恶狠狠的说道：花心渣男就是这下场！！
正版煮茶,我哥和嫂子来我家吃饭。吃完饭，我老婆和我嫂子聊天聊的开心，于是我去洗碗。我正拧开水龙头，边洗边冲，我哥突然来了，他一拍台面一声大喝：“住手！我们家的家训你忘了吗？”我哥不怒自威，气势陡然而升！我默默关了水龙头，聆听教诲。我哥舀了一勺水放在锅里，点火煮上：“你记好了，洗碗要用热水，才能去油，这是我们打小的家训，你咋忘了呢，还是我来洗吧，真看不惯你这个生手...”
吴鑫卞布慧授伤,临近下班，有一件货物找不到了，我说明天再找吧。林林认真的说：不行，今天我俩必须把这件找到！几时找到几时下班！然后两个人就开始翻。。。翻了一个小时，我弱弱的问：林林'我们要找的东西货号多少来着？林林愣了愣：呃！我也忘了。。。就这样我们手拉手下班了[捂脸]
(糗名昭著)~魅儿…,同学会，说好的班花和我一起去，她临时来不了。到了饭店，男生一看我开门，两边列队一齐站起欢迎，然后探头看门后：“班花呢？”“家里有事，来不了啦！”听完我的话，男同学们松了一口气，每个人的大肚腩都弹出来了！我站在中间险些挤死。
无书斋主,舅子两口子吵架，老婆对舅子老婆说:妹啊，你比我好，你们吵架，我弟弟处处让着你，我吵架，姐夫抓着我就打！！……特么，这舅子老婆不敢打，听她姐一说，要打我！！……
空城旧梦她与伞,以前工厂上班的时候，喜欢公司里的一个美女文员，她十分高傲，我和她甚至没说过一句话，只是默默暗恋。在公司V信群里，看她很喜欢改头像，当时我也是幼稚，就随着她头像，把我V信改成她情侣头像。改了好几次以后，终于成功的引起她注意，她竟然主动加我为好友，和我聊天，并向我借了两千块钱。三天后，她辞职走了，并拉黑了我[汗颜][汗颜][汗颜]
石头，剪刀，破布,今天高三儿子班的群里班主任终于发话了……本月24号开学[比心]好几个家长都忍不住把群里发了兴高彩烈的图片，又都赶紧撤回了。。。。。。
我是谁∽谁是我,老婆：老公你当初觉得我漂亮才追我的吗？我：嗯嗯嗯。。老婆：觉得我漂亮，为啥一次都没夸我漂亮呢？我：你很善良。
千丝雨ベ万人迷,妮妮过生日，我给她买了个一米高的大熊，她很高兴，结果第二天表姐说，妮妮感冒了，因为晚上她要抱着大熊去被子里睡觉，熊太大，漏风着凉了。。。我安慰表姐:这就是我不找胖子做对象的理由，容易感冒。。。
石头，剪刀，破布,今天早上村里大喇叭喊以后村里要实行火zang了，上午街上一群老头老太太聊天，打赌看谁能先去见马克思，挣那个村里补贴的前十名的三千元钱💰奖励。
骑着二哈啃黄瓜,月半香客观的评价了我和她优缺点她的优点是:贰，逗，大度，颜值太高我的优点是:贰，逗，大度她的缺点是:热心易招/灾，无私易惹嫌，吃/货我的缺点是:热心易招/灾，无私易惹嫌神塔馬的相似度非常高。。。
正版煮茶,我打电话给我哥，我嫂子接。我：嫂子把电话给我哥。我跟他说件事。嫂子：你哥刚刚藏钱的事暴露了，现在没空接电话。我挠挠头：“哦，那麻烦你叫xx（我侄子）接！”嫂子：“你哥把钱藏在他的寒假作业本里，他两个多月都没发现，所以他现在也没空接！”
无书斋主,昨天周五，按惯例我投稿的刊物要评优了，我自我感觉还不错！！就在我内心无比忐忑时，一起经常投稿的笔友告诉我，我拿优了！！一高兴，在群里发了两百红包！…就在大家各种恭贺，我还谦虚的说意外意外时，结果出来了，我名落孙山外！！……唉，这人丢的，匿吧，死匿！！……
糗友TI5gvZ,家里一儿一女，小女六岁。每天只要我回到家，就跟屁虫一样，爸爸爸爸叫不停，晚上还会帮我洗脚，按摩，忙的不亦乐乎。就刚才忽然想到：她以后嫁人了怎么办？我就想结婚现场怎么怎么弄，然后又想到时候我应该说些什么。想着想着我TM的居然哭了..........糗不？
山鹰寂寞飞,"那年那人那山第二十三章：又见老中医秀芬夜里睡的十分香甜，红军姐姐的房间后面有个大大的窗户，订上了透明的塑料网纱，没有蚊虫进来，山里的夜风透过屋后一片不大的竹林，舒适的往窗户吹着，不疾不徐，如童年时母亲那舒缓摇动的蒲扇，拂着阵阵凉意，吹过脸颊凉在心底。　　一觉醒来天已大意，秀芬自母亲去世后，从来没有这样安静的无梦自醒过，怕耽搁了给父亲熬药，匆匆洗漱，吃了李雨惠精心做的早餐，就匆匆告别去镇上坐小巴返回楚家镇。　　红军还在睡觉，听到秀芬要走嚷着一起去，秀芬冲他房间道：“这些天你帮我补课，肯
…
查看全文"
中国加油！！,闺蜜喜欢公司一丧偶大叔，大叔怕年纪大耽误她一直躲躲闪闪，不敢坦露心迹，闺蜜为止懊恼不已，哭哭啼啼的喝了很多白酒，然后借着酒劲去了大叔家纠缠她，大叔本分人，安抚了一晚上，终于让她在他家客房睡下了，问题是一大清早公司的行政/司机/其他人员接到电话说大叔家火灾，大家急冲冲的赶到大叔家，没看到火灾，忙敲门，大叔懵懂懂的起来开门的时候，我闺蜜裹着浴巾也从大叔身后冒出来了。众人一阵错愕，然后说打扰了打扰了。自此，闺蜜以跳进黄河也洗不清为由成功嫁给了大叔，住进了300多平别墅。
撞死一只羊,同学找我，说他老爸住 院了，向我借两千应急。刚转完钱，我惊讶地看见他老爸迎面走来！于是问他：阿叔，你儿子……话还没说完呢，他老爸急着说：别提了，他住院了！对了，可以借我两千吗？
-小门神~,老爸疼我姐，给她买了好多零食，而我这做儿子的只能干 瞪眼！其实我也渴望关心，让他别忽略我，于是对他说:爸，其实你还有一个儿子的！老爸本来跟姐姐打闹，一听这话，立马沉着脸对我说:瞎说啥？我不就你一个儿子吗？我不是这意思啊[捂脸]
千丝雨ベ万人迷,昨天我心血来潮，想给男友做他最害怕的东西当面包。想来想去，好像他最怕我，我就捏了一个小公主版的我，打开烤箱的那一刻，我说:你最害怕的东西来了!男友笑的前仰后翻，上气不接下气的说:嗯，我确定最害怕它，害怕它不讲卫生，害怕它天天哼哼唧唧!我反驳:我哪里不讲卫生啦！我哪里哼哼唧唧啦！打死你!额，面包中我的盛世美颜，怎么变成猪头了!
千丝雨ベ万人迷,吃草莓，比较多，突然肚子疼，想着万一不是屁呢，就跑去洗手间了，接连跑了四趟洗手间，才真正迎来了炮..火.连.天。。幸亏来洗手间了，幸亏脱.裤.子.放.屁了，一.泄.如.注，真舒服!这时男友他妈妈在门外关心的说:千千，你要不要出来看看，好像你的车爆胎了!
十里柔情一帘幽梦,儿子和闺女在客厅喊我陪他们玩医生病人的游戏。我躺着装晕倒，儿子打120，闺女呜啦呜啦骑着扭扭车来了，对着我胸口一阵按，一脸凝重的对儿子说：我尽力了，节哀顺变！儿子拿起旁边白毛巾往头上一搭，趴我身上哭了起来！……所以有时候并不是家长喜欢打孩子！
芭蕉窗下听雨声,跟老公聊起打牌的输赢。他说很多人会做一种别人看不到的记号。我说那我得去学学。老公敢怒不敢言的瞪着我……我说：哥哥，那个，你别生气哈！我只想去学下怎么做记号。回来好给你也上个记号啊……！[大笑][大笑]
精神病院主任医师,我有个闺蜜，之前是卖披萨的。后来回老家相亲结的婚，一年后去医院检查，发现不能生育。然后男的要离婚，还要退彩礼，但是彩礼钱已经被她弟弟拿去创业了。接着问题就来了：不孕不育哪家医院看的好？我是帮闺蜜问的[大笑]
黄红墨,我想问问有多少人侄子外甥经常分不清楚的，我举个手[拳头]
四亩田一根苗,邻居大姐经过几年的努力，终于成了一个万人瞩目的歌星。但她却对她那平凡的老公不离不弃，每当别人问起这事，她总是羞涩地回答说:“如果不是他，我也不会有今天这副好嗓子…
-小门神~,我有一个女徒弟，真的很淘气！下班走路上，她在后头喊我，我没搭理！她气鼓鼓地跳上我后背，一百五十斤都快压垮了我！她一边哼着歌，一边催着快点走！我只能艰难地背着她，一步步前行！她突然问:小师父，能背着我这么可爱的小仙女，你是走了什么运啊？我气喘吁吁答道:背着你个大猪走着，当然是走了“背运”啊，太背了…[哀怨]
义行天下7,我:老婆，我今天找人算了一卦，咱儿子最少兄弟两个到三个！母 老 虎吼道:能准吗，我是生 . 产厂家，我让他兄弟几个他兄弟几个！！！我……
义行天下7,中午做饭时，，我家母老虎因为我早上没把衣服洗干净而埋怨个不停，看着这婆娘天天就知道玩 手机，还鸡蛋里挑骨头，气的我果断把锅摔了，狠狠地骂到:我让你吃饭！谁特么去买锅谁是小狗！母老虎 应 战道:好，这你说的！我怒吼:我说的！……要说这婆娘真特么狠，下午给我 老 爸打电话让我老爸去买的新 锅……
天热打鼓球,"不知道为什么，我们读小学时，男生和女生之间是水火不容，斗争不断。可偏偏我们那里女孩子上学年龄通常比男孩大个两岁。这也就导致了小学里，几乎都是女生阵营的天下。男孩子也曾奋力反抗，奈何绝对的智力和武力的双重压制，任你骨骼精奇也无力回天。其中涌现了许多可歌可泣的人和事，今天讲的就是二狗和我的故事。那一年的秋天比往年来的更晚了一些，晴天霹雳一声响，我和二狗闪亮登了场。二狗是我邻居，班里也是同桌。他从小武力值爆表，尤其擅长耍赖地躺式打法。村人曰，二狗一出手，神仙都要抖三抖。目睹男生被动
…
查看全文"
义行天下7,"最近媳妇考了驾照，非要拿我的车练练手，接孩子上下学的任务自然也交给媳妇了！刚开一个星期，媳妇在医院给我打电话说孩子脑 ,.震.荡了，不知道什么原因造成的，我赶去医院还好不严重！回去的时候我开车，松下手刹的瞬间媳妇睁大眼睛说，我说怎么感觉开车那么多天少了一步呢，原来一直没松手刹……"
胖香,吃饭时间，我在摆弄新买的多肉，就听餐桌上我闺女对我侄子说：“你认真吃饭行不行？妈妈不来跟我抢着吃，你又磨磨唧唧吃一口半天不咽，我觉得饭都不香了！”侄子嘴里塞着满满的米饭用力嚼着呜噜：“就是姑姑说的，一口米要嚼50下再咽才能减肥。”
天热打鼓球,每次约心仪的女孩子出来吃饭，她们都会说：哦，今晚没空噢，等有空了我叫你吧！这让我想起了奶奶。小的时候，家里很晚才来电，我就是眼皮在打架也强撑着等着电来了看电视。这时候奶奶就会说，你先睡会，等电来了，我叫你啊。呵呵，女人都是骗子！
骑着二哈啃黄瓜,公司新来了一个副总裁，听说是高才，发际线过半那种，不过快40了还单身。我拜码头，寒暄，我也被他的发际线震惊了，正想夸他头型，聪明绝顶，空前绝后呢，激动的握住他的手说:王总您仪表堂堂，真的从聪明绝后啊。。。。
青刺莓~,早上有朋友发信息给我愚人节快乐。我回复后顺便给老公发了一个节日快乐！他问今天什么节日?一个白眼，今天什么日子你不知道？半分钟后他发了个红包过来，说“老婆，订婚纪念日快乐啊！”我感动的点红包的手都抖了。我俩是十一月份订婚的。
逍遥べ胡子哥哥,刚刚拿油桶去加油站打柴油，加油的小姑娘要登记身 份 证，我递过去了。她一边用手机扫描，一边问我打油做什么用。我回答“农机用”！她眼睛瞪得老大，问：“打柴油弄鸡？是烧啊还是腌呢？”
义行天下7,放假这么久，俩孩子每天的作业打印要好几块，这么长时间已经花了上千元！但开学时间还遥遥无期！于是老婆一合计，有这打印费不如自己买台打印机划算，这不这婆娘前天去县城花1500多买了台打印机，又花好200多买了一箱A4纸，准备长期打印作业！打持久 战！不成想，今天就收到开学通知，说是后天就开学了！
吕柒阿.,有人问我为什么不谈恋爱 我就想问他 你当年为什么没考上清华北大？是因为不想吗。
大王叫我来Xs,吵架吵不过别人怎么办？我教你一招特别牛的方法：嗑瓜子!你一句话不说，边嗑瓜子边微笑，嗑到对方怀疑人生，笑到对方心里发毛，如大敌压境，却又深不可测！绝了！
义行天下7,晚上睡觉迷迷糊糊中感觉外面雷声轰鸣，想起阳台还有衣服没收，赶紧起来想去收衣服，结果一起床没声了！好奇中又开始迷迷糊糊睡觉，不一会又是雷声涌动，猛然惊醒，声音停止，顿时害怕不已，莫不是遇见了鬼！把手机录音开着睡觉，果然又被雷声惊醒，听录音惊恐地发现发现原来是我打呼噜！
骑着二哈啃黄瓜,带着家里二哈，和闺蜜去散步。。。看到有卖烧烤，闺蜜买了十几串，我牙疼，她递给我，我不敢吃，怕上火，然后她递给二哈，二哈头别来，也不吃（下午它吃了好多牛骨头）。。。。闺蜜疑惑的望着我:你们是不是背着我，达成什么共识，然后杯葛我！！！然后一把抓过二哈狗头，大声教训:吃不吃，吃不吃，不吃炖了你。。。然后二哈含泪委屈的吃了五六串。。。看的我一阵脑壳晕。。。。
空城旧梦她与伞,小时候是留守儿童，比较调皮。有一次去后面村子偷红枣，被抓个正着。那家大人把我抓起来，逼我写封检讨书，在大马路上逢人就说我小小年纪偷东西。最后他还对我说道：我就是要你丢脸，看看你长大后，还有谁愿意把闺女嫁给你。二十年后的今天，我在发这条段子，他女儿在我家厨房里做着早餐。
石头，剪刀，破布,老院那里有家邻居，他家的小子今年16岁上初中了，孩子大名叫啥记不得了，倒是邻居们起的外号铁道叫的挺响。问老公为啥邻居们给孩子起了个铁道的外号，老公说:“为啥叫铁道，因为他奶奶在咱们生产队社员们给起的外号叫火车，火车有了孙子，所以大伙都喊铁道，火车不是有铁道就能跑了。”
走路不长眼睛,小时候干过最缺德的事，应该是在别人家菜院子里，长势正好的南瓜上开个天窗，掏出瓜瓤，拉泡 粑粑在里面，然后把切下来的瓜块原样盖上！而且这样的勾当，干过的可不只是一两次！后来有一天，我把我家下蛋的母鸡给失手打死了，被我妈暴打了一顿。我一气之下，跑到我家的菜园子里，如法炮制了一个地 雷南瓜！不幸的是，我还没来得及提上裤子，就被我妈抓了个现行。。
leo咫尺天涯,太欺  负人了，最小的表妹都有了男朋友，我酸溜溜问男朋友咋样，表妹答：“哎，他没啥内 涵，穷的只剩钱了而已！”　　这够打击了吧，她还补充一句道：“没办法，谁让我瘦的只剩下“月匈”了！”
义行天下7,我:老婆!你这天天化妆，晚上再卸妆，是不是很浪费化妆品？老婆:你这天天吃那么多，后来还不是都 拉 出了，是不是很浪费粮食……卧槽，我居然被呛的说不出话来！！！
空城旧梦她与伞,下班和几个同事喝了点酒，回到家里已经很晚啦，连媳妇交代买的东西都忘记买了。打开门，看到媳妇阴沉着脸坐在客厅沙发上，儿子和女儿坐在一旁。我小心翼翼的道着歉，媳妇一言不发，冷冷的哼了一句，儿子立马跑进浴室，拿出搓衣板。女儿却拉着我媳妇：妈妈，现在不要让我爸爸跪搓衣板，好不好？我心想，那小兔崽子真白疼他啦，还是小棉袄贴心啊。正感叹着，女儿又说道：等爸爸把我们衣服都洗了，再让他跪。
一米五的小胖几,同事聊天，说咱们可能还要派人去支援国外！我说要是派我们去了，语言不通怎么办？有个同事说，咱先不关心语言问题，你应该先关心你去了的话，输液架你能不能够得着的问题？
-小门神~,家里有对 玉扳指，我和老爸一人一个！父子喝 醉在小河边吹风，我对爸说:有个故事讲，一对宝贝，如果丢弃一个，剩下一个会比原来的一对还值钱十倍，百倍…天下无双，全天下就剩一个，当然值钱！老爸说好，那就扔一个！看着小河，我俩不约而同，扔掉了自己手上的玉扳指……爸，我不要这样的默契，你赔我的“天下无双”[笑哭]
五百除以二,老婆一边洗脚一边抱怨:我当年真是瞎了狗眼！好端端的一枝鲜花，怎么就插在你这堆牛粪上了？我毫不在意的说:如果你都算鲜花的话，这世界上的牛都不拉屎了！话一说完，我就知道要糟了。刚想起身逃走，哗～的一声，一盆洗脚水从天而降。。。
半截烟云,我也不知道是什么原理，小时候倒了一杯开水放桌子上，我嫌烫想等会再喝，没想到它自己滑地上摔碎了。听到动静，老妈过来劈头盖脸就是一顿揍。我很委屈，边挣扎边大声争辩：真不是我弄的，它自己掉下去的。为了弄清楚为什么，我又倒了一杯，这次它一动不动，真是邪 门了，我亲自用手模 拟了它的活动轨 迹，在桌子上滑 来 滑 去，正玩得不亦乐乎，抬头看见了老妈冰冷的眼神。
我是谁∽谁是我,前几天在老家，老妈要跟侄儿视频，内容如下，老妈：大孙子出去两月了，挣多少钱了？侄儿：奶奶你能不要整天就问挣多少钱好吗？你不是应该问问我谈没谈女朋友吗？：那你谈女朋友啦？：没！现在姑娘不好骗了。：没谈女朋友，不问你挣多少钱，我问什么？： 可以问我吃的好吗，休息好的。：一个单身狗，一人吃饱全家不饿，一人关灯全家休息了，有啥好问的。：奶奶咱还是聊聊挣钱吧。。。。。。。。。。。。。。。。。。。。。。那个啥？我就想知道，一个八十多岁的农村老太太怎么会知道《单身狗》这个新名词的？
空城旧梦她与伞,小时候，村里的男人们晚饭后，喜欢带一些土烧酒，聚在村口的大槐树下边喝边聊天吹牛。那次，我爸他们已经在那里聊到晚上十点多啦，我去叫他，他一直敷衍着，叫多了两声，我爸怒道：滚！我哭丧着脸回到家里，比我小三岁，当时还没有读书的妹妹看到了，拉着我手说道：哥哥，我们一起去叫爸爸。到了那，妹妹扯了扯我爸的衣服，奶声奶气的说：爸爸，很晚了，回去睡觉啦。我老爸马上温柔的抱起我妹妹：好嘞，听我乖女儿的。我心里那个委屈啊……
绦子,由于我们吃的所有食物都是从太阳获得能量，所以你吃得越多，就等于你消耗的太阳能也就越多。也所以，你不是胖子，你是一大朵阳光！…～
老巫婆～～,有个小哥哥对我特别的好。有天，我忍不住问他：为什么你对我这么好！他深情地回望着我，然后摸摸我的头说：因为你是我闺女呀～EMMMMMM……看劳资不打洗他！
狸土豆大人,男友山 西人，不太听得懂四 川话。昨晚一起去朋友家吃饭，他面前有盆鸡汤，我让他帮我舀一点鸡肉，他接过碗，有些惊讶地看着我，问我确定吗？我说对啊，赶紧舀啊！然后众目睽睽之下，他夹起一块鸡肉，小心翼翼地咬下一口放我碗中......
偷惢,路遇水果店，想吃丑橘但觉得有点贵，于是只挑了四个放在称上准备付钱。这时老板的儿子看到我，喊:老师你喜欢吃橘子啊，然后不停的往袋子里面装。我想了半天才想起来，这小子是前几年当幼师时教过的小捣蛋。连忙告诉他:够了够了，老师吃不了那么多。正想拿出来，小捣蛋看了一眼称，笑呵呵的告诉我:那我就不装了，刚好一百块。世事难料！
吴鑫卞布慧授伤,看到几个小盆友玩扭扭车，有个小坡几个人都不敢溜下去，我把车子拿过来坐上去说:孩儿们，看好了！说完飞一般冲下坡，在小盆友们的欢呼声中我一下把路过的二大爷撞到在地，二大爷倒没事，就是挑的汾水全撒我身上了。。。
别叫我弟弟,关羽：奉先，你站起来吕布：站起来干啥？关羽：你别管，先站起来吕布起身关羽：恕我直言，在座的都是垃圾
山鹰寂寞飞,"八岁那年，家里给一排祖坟立碑。我把粘接碑柱和固定碑帽的强力胶偷了一点，装在一个化妆品小瓶里。那种胶是无色透明的液体，抹在碑顶扣上碑帽，半个小时就焊的铁一般牢固，推都推不动！502神马的跟它比，简直弱爆了。回到家，老妈正在厨房烧饭，让我把桌上那团和好的面用模具切成馒头，在县城做高蒸馍生意的堂叔有个淘汰了的罩子型模具送给了我家，切馒头非常方便。正如有钱人整天想着买买买一样，手上有点干货的小孩也总想着物尽其用，我忽然有了个大胆的想法：胶水掺进馒头里会是什么结果？发明家都具有极强的动手能
…
查看全文"
骑着二哈啃黄瓜,"我记得之前上司调过来的第一天，就在我们办公室隔壁，她一来我就知道了，赶紧过去拜码头。。。然后她办公室没电，我去找分闸开启，发现电脑没网络，我又去找对应的网格接起，然后又发现电脑键盘不行，我又开始了打开了几个控制键，弄的满身大汗才搞好。刚搞完，各个部门的头头也过来上香了，我开始负责泡茶。。。没水，又是我去抗。上司听着各个头头的寒暄，望着忙忙碌碌的我，露出了赞赏的眼神。。。不过有件事我有点虚，之前我收到消息是品质部经理做这个位置，我很排斥，没想到是她调过来做这个位置，昨天下班前是我刻
…
查看全文"
思念是海水漫长白,考路考那天，上午有个驾校带来的15个人全军覆没了，原因是有个女孩很紧张，路考车上，监考教官看她一直发抖，心生怜悯安慰她：“小姑娘，你别怕，我又不吃人。”这女孩转过头笑着说：“没事，我不怕，早上教练跟我说了，考官没啥好怕的，你就当一条狗拴在副驾上。”于是，该驾校团灭。
我是谁∽谁是我,上午把儿子送去学校，中午回家吃饭，饭后洗了锅碗。回餐厅见老爷子和老娘还坐在桌子边上，平时很少见的，饭碗一放就离开饭桌了。看来有事要跟我说吧，赶紧拉把椅子坐下。老爷子看着老娘问：你说还是我说？老娘：你说吧。然后老爷子跟我说：大孙子已经去学校了，你什么时候走，不能老赖在家里了，赶紧收拾收拾滚蛋吧，你在家严重应响我们夫妻生活了，作息时间都乱了。我。。。。
高配置…低消耗！,最近被“鲸落”刷屏了，小女儿对我说:妈妈，你知道鲨鱼死了叫什么吗？我随口一说不知道。女儿说:叫鲨掉。我: 你才是沙雕...沙雕！小女儿都急哭了，刚刚查一下真的是“鲨掉”
胖香,娃儿每天睡觉都把脑袋蒙被子里，我告诉她好多次，这样既不健康又不安全，昨晚刚躺下我就跟她唠叨：“我睡觉就怕被子捂头，感觉呼吸都不顺畅了，你看你蒙头盖捂的，也不知道像谁！”谁知道她吭哧瘪肚的带着哭腔问我：“你的意思是，我真不是你亲生的？”
番.茄爱上西红柿,老爸在玩手机，我凑过去看，刚好看到系统推荐的几个认识的人，老爸一一点了关注，就是没有关注我，我急了：爸，爸，你看，刚刚你划过去那个人是我，是我，你咋不关注啊！老妈在一边说：知道是你！你爸说，他的几个老伙计天天在一块没事就刷，人家都晒闺女，人家闺女好看的不得了，就你最丑！他都不好意思关注你，对了，你爸关注了你舅舅家那个小表姐，就最漂亮那个，天天对外吹嘘是他闺女呢，你一会出去捂严实点，别被楼下你爸那几个老伙计看到啊！
青刺莓~,昨天吃完晚饭出去遛弯溜远了，回来时打不着车。我觉得累，让老公拉着我走，闺女蹦蹦跳跳在前面，一会她回头说，爸爸！你手机给我拍个照呗！我：切～你要发圈啊？闺女喜笑颜开说：“我拍照给爷爷看。爸爸拉着你的样子，跟爷爷拉着家里吃饱了不想走路的大黄牛是一模一样的！”
花落彼岸～任逍遥,在我小时候家里养的驴生小驴子了，我天真的认为小驴子也是喝奶粉的，我就跑我叔家把我侄子的 奶 粉 偷 出来放 奶 瓶 里喂驴子，可是小驴子不吃，而且驴妈妈还一脚把我踢一边去了
绦子,好长时间没坐公交车了，以前熟练掌握的那些抢座位技能都生疏了，但是在今天拥挤的车厢内，却无意间发现一项新技能，那就是你不停的吸鼻子，就像感冒流鼻涕而又没带纸这样，周围真的空出了好几个座位呢😓。当然了，如果我不把健康码拿给公交保安看的话，今天你就看不到这帖子了…～
花落彼岸～任逍遥,正月末的时候我被我们村的小孩忽悠了，这小孩装作不会说话的样子，一边拽我一边比划的把我拽冰上去了，那时候正是冰化的时候，他指着冰上的一捆柴用手比划着让我拿起来，我走到跟前拿的时候踩空了掉冰窟窿了
空城旧梦她与伞,小时候，看古装剧里，那些皇帝穿起龙袍威风凛凛。于是我把家里那条黄色床单裁剪了一下，自己做了一件，出门后小伙伴们都惊呆了。可惜只美美的享受了一个下午，等我爸妈做完农活回家，一顿男女混合双打，我的哀嚎声响彻全村。
十里柔情一帘幽梦,今天第一天全员上班，同事们见面在一起讨论在家两个多月的感触，年轻人说压力大，上有老下有小，只发基本工资，物价又上涨。年龄大的说天天提心吊胆，紧张兮兮，怕不小心中招。我在旁边一直没开口，有同事推推我：你这段时间有啥感想？其他同事笑了：她能有啥感想，你看她胖成这样，肯定是心无杂念的胡吃闷睡了！
无书斋主,舅子前段时间醉酒后，把他老婆打了一顿，其实我知道他是假装醉酒打的，因为他老婆太作！……昨晚舅子在我家喝酒，两杯下肚后和我叫嚣：姐夫，你这个人我就瞧不起，我敢打老婆你敢吗？男人不能怕老婆，怕老婆的男人没出息……我看了看舅子老婆，慢慢的喝了口酒：你姐是我第二个老婆，你呢？你敢找第二个老婆吗？？唉，害人的酒啊，我和舅子各自在车上睡了一夜！！……
胖香,发现我的新拖鞋又咧咧个嘴，气的我去跟我哥吼:“你能不能别再穿我的拖鞋？那么大的脚就算了，还有脚气！自己心里没点数？”他竟然理直气壮的回我:“脚气这件事你可以放心的，它不传 染！你看我左脚有脚气是吧，右脚没有，它俩在一个洗脚盆洗了这么多年，不也没传 染上么？”
五百除以二,从卫生间里出来，突然觉得雪茄烟留在嘴唇上的味道，比往日更甜，忍不住伸出舌头舔了舔。同事好奇的问我:吃什么好吃的？这么舔嘴抹舌的？我的心思，还沉浸在和女友手机里打情骂俏的愉悦当中，一时没反应过来，竟然顺着他的话说:吃屎！！​[捂脸][捂脸][捂脸][捂脸]
空城旧梦她与伞,"妹妹嫁人那天，想着要离开生活了二十多年的家，哭的是梨花带雨，我爸妈眼睛也是红红的。第三天，妹妹妹夫按照传统习俗回门，我妈是张罗了一大桌子菜，妹妹却和往常不一样，挑三拣四的夹了一些。我妈疑惑道：怪事了，怎么结婚才三天就变了性格啦？要是以前，你看到这桌子菜，肯定会胡吃海喝。傻丫头回自己家里还学起客套啦，这里永远是你的家，要不这次在家住几天再走。妹妹说：不行啊，吃完饭就回。我妈不解的问：为什么？妹妹噗嗤一笑：我实话实说，妈您别生气啊，因为我家婆炒菜比你好吃多了。我妈：呸，你个吃
…
查看全文"
净心居士,记得五六岁的时候，在姥姥家过暑假。可能是白天玩疯了，一直睡不着。当看到姥姥把假牙拿出来的时候，可把我吓了当场就尿裤子了[捂脸][捂脸][捂脸][捂脸][捂脸]
吃了两碗又盛,老叔作息不规律，那次我有事找他，上午九点半去的，他还没睡醒，把我骂了一顿。今天有急事，需要老叔一起去，我凌晨四点半去找他，已经做好了挨骂的准备，谁知道老叔没生气，说我这次来的及时，他还没睡呢
孤心傲月,一个人走进药店，问老板：老板，有没有治打嗝的药? 老板说：有啊。于是拿出两种药让这个人挑， 他正挑着，老板大喝一声，吓得顾客一哆嗦，药都掉地上。 顾客怒道：你有病啊! 老板笑着说：怎么样?让我这么一吓是不是好了。 顾客更生气了：打嗝的是我妈！
芭蕉窗下听雨声,老公回来给我带了四个鸟笼，问我喜欢鹦鹉还是八哥？我说只要会说话的都行。要不你去贵州给我抓个猫头鹰也行啊！他哈哈一笑说：你这孩子咋啥都敢想呢？我看应该到草原给你抓只雕回来天天给你抓啤酒.......[捂脸][捂脸]
歌歌哒f,和朋友约了场篮球，期间只要球在我手里我都一投一个准，并且还是单手扔，结束后旁边有人问我以前是不是职业的……我喝了口水：结婚生了孩子后你也能这么厉害……听着他们莫名的笑声，我赶紧又解释道：只要多给孩子换纸尿裤，不管垃圾桶在哪都能扔进，投篮也就准了……
走路不长眼睛,小时候，天天听大人说燕窝好吃，燕窝好吃，眼睛就红了，馋得清口水直淌。有一天，看到大人们都去地里干活去了，就叫上堂弟，两人抬根竹竿，把二叔家屋檐下的燕子窝捅了下来，拿刀剁成两半，扔进锅里煮。当然，也没忘了撒两把米进去。煮了半天，估计差不多了，就和堂弟一人一把小勺子，舀粥喝，越喝越觉得哪里不对：咋会有一股淡淡的泥腥味，还有一种说不出来的啥怪味呀？最让人绝望的是，那燕窝，嚼了半天也嚼不烂。。
吴鑫卞布慧授伤,和同事林林刚认识的时候她夸我：哎呀，婷婷啊，你笑起来真好看，爱笑的女生运气不会差的！我一听笑的更灿烂了，果然，领导，同事都很喜欢我，两个月试用期一个月就转正了。就刚刚，我对着镜子微笑了一下，忽然发现眼角好多细纹，吓得我和林林说，林林淡定的安慰我：没事的婷婷，我这有代购的某某眼霜专治细纹的你了解一下？
依丽若水,今天，外甥女突然喊起来“以前这时，不是郊游就是踏青，现在过.节都得写作业”。我扶着她的肩头，抿嘴一笑“到了夏天，就好了。。。”外甥女突然呆呆看着我的右手，再低头看看，突然大哭“这天天写作业，手指都变形了，以后我结婚怎么戴戒.指….”[口罩][口罩][中毒了][衰]
吃了两碗又盛,有一天中午，校长在校园内巡视，看见几个高年级的学生爬树，小树只有擀面杖粗细，爬上去树就弯了。校长连忙制止，学生们虽然明知道他是校长，但没一个听话的，校长一接近就跑，走远了学生再回来。后来几个涉事学生的班主任就被校长收拾了。
青刺莓~,跟老公视频，一会儿他说：媳妇儿，我一会要去开会，顺路拐回家一趟。我想你了~开玩笑，还没解封呢，我劝他别回，他不听。我想了想，把脚伸给他看，扯下袜子，食指用力搓各个脚趾缝，搓完把小指头伸进嘴里吮，然后瞟着他问还想我不？老公脸黑了，摆手吼道：“滚滚滚!”[笑哭][笑哭]
番.茄爱上西红柿,最近有点上火，鼻子疼，感觉有点鼻血凝固在里面，我仰着头跟老公sa娇：老公你快看嘛，看看人家鼻子！老公放下手机，捧着我的脸，认真看了会，扯了一张纸巾，温柔地叫我别动！这傻子，还要帮我清理鼻血，，我xiu红了脸，闭上眼睛 等，忽然一阵刺痛，我睁开眼睛一看，老公邀功似的对我说：媳妇你看，这么chang的一根鼻毛，徒   手都可以ba了，li害吧！
夏有凉风秋望月,新换了个手机，心情美美哒。儿子吵着要玩新手机，我也没多想，就给了他。我正忙着做菜呢，就听儿子在卫生间里叫我：妈妈快来，手机掉马桶里了！我扔下锅铲，冲了过去。天呐！我的新手机上沾满了黄黄的色！我心疼的慌了，一把捞起来， 放在水龙头下拼命冲，拼命冲……儿子推了我一把，一脸的生无可恋：妈妈，你手上粘了粑粑了，做的饭菜，还能吃吗？？​
可爱到家了,请问一下一般植物人多久会苏醒？我有很多微信好友 半年前跟我说睡了 到现在都没醒过来
我是谁∽谁是我,去年夏天。。。。。。工地上热的口渴，工地边上刚好有卖绿豆粥的，便去买了一碗，感觉这粥不但解渴还压饿，准备给一起做活的兄弟都买一碗。于是便问老板，绿豆粥还有多少。老板说没有了。“我：可惜，这么好买的绿豆粥为啥不多煮点。老板道：本来煮的挺多的，老婆去遛狗，半路被人拉去跳广场舞了，两条二哈自己回来把一桶粥吃的差不多了，如果不是隔壁老板娘买菜回来看到，连你恐怕也吃不到这一碗了。。我。。。。心里把老板十八代祖宗问了无数遍。。。。。
夏甸镇,家里媳妇天然呆型的~~晚上我俩在家里聊天，说起她一个大学同学要给孩子起名，男的姓姜，女的姓庄，她就说人家起了个名字特别逗，让我来猜是什么。我这高智商也是猜了各种名字，期间媳妇也各种引导，最后终于猜到了她的答案，叫“姜家庄”。这两口子起的名字确实挺逗的，更逗的是我家媳妇听了这个名字，又自己在那里哈哈大笑，好像这个名字她也是第一次听说的一样[捂脸]。平淡的生活，总是不缺笑声，感谢“姜家庄”。
骑着二哈啃黄瓜,昨天很不想上班，起不来，全身发沉，和上司打电话请假说晚点到，就再眯了一会儿。。。再次醒来，下午三点多了。。。
天热打鼓球,同事家养了两只兔子，后来他家小孩子兴趣转移加上又要搬家于是送给了我。我一看兔子还小，于是每天悉心照顾。有朋友来家看到说：没想到你这么喜欢小动物。还是老婆了解我：他哪里是喜欢，明明就是馋人家的身子。
花落彼岸～任逍遥,跟我哥聊天我问他:“哥有没有比较轻松的工作，躺着就能把钱挣了的呢？我哥说:“还真有，要不你去 碰 瓷 吧，就算出现意外还有专业团队，你出事，他们扛。”
孤心傲月,"我家电瓶车停在我卧室的窗户那里。有次夜里我还在上网，怕惊到爸妈所以动作很轻。大概2,3点的时候，我听见窗户外有声音，就撩起窗帘把脸贴在纱窗上，见有人在偷电瓶车，我用很缓很小的语气说：喂！你在干什么呢。。。。。。。我不知道他是不是哑巴，跑的时候没叫，只是摔了好几个跟头"
我是谁∽谁是我,前两天儿子跟我说：学校开了个日  语班，他说想报名学日   语，问我给不给他学，我告诉他自己定。早上我问他报名了吗？他说不学了，问他为啥，他说一年两万买那二十分不合算，有那时间把现有的课认认真，二十分随便考的。我：我转给你的六千预交费是不是应该退我了？儿子：老爸我是不是应该提醒你一下，肉包都进狗嘴了，还能让它吐出来吗？我。。。。
五百除以二,"跟着朋友去相亲，没想到对方竟然是我前女友。我低头玩手机，不看她。前女友忸怩了一会，主动搭话说：没想到你还敢来见我！我看了她一眼：如果知道是你，我肯定不会来！不知道为什么，她突然暴走了，抬手就打了我一巴掌，喝道：为什么不敢见我？！是不是做了什么对不起我的事？！我忙说：我没有！前女友又是一巴掌呼过来：还敢顶嘴？！我捂着脸，委屈的说：你已经不是我女朋友了，为什么还要打我？！前女友揉着打疼了的手，尴尬一笑：也是啊！以前打习惯了！！！她瞪着我，似笑非笑的说：知道今天为什么我打你么？因为你欠
…
查看全文"
绦子,看到糗事点赞提示有很多网友点赞，很开心的点进去，分明就一个赞啊！仔细再一看，点赞的糗友网名叫“很多网友”😓～很多网友你来了吗？在帖子下面露个脸吧！😄～
静水*,今天哥几个去吃自助，去的时候坐电梯，我们七个加上一个操作电梯的服务员一共八个人还没问题呢，可尼玛等我们吃完了，还是我们七个，还是那个服务员，电梯却显示超载了。。那服务员笑的那叫一个没心没肺。
无书斋主,本人读书时跳过级，初三英语老师指桑骂槐的在课堂上说：某些人别以为厉害，跳级得跳得好，成绩不行跳了也是害人！！我很恼火，你不是瞧不起我吗？看我怎么扫你的脸！于是，我拼命的攻英语……月考的时间，我英语成绩全校第二，她宣布的时间，我昂起了头！英语老师：某些人别以为英语跟上来了就可以抬起他那孔雀头，其他的不行别以为我不知道！！……我不得不低下我昂起的头，因为除了英语，其他的我都是五十多分！！
小恩的老公8,"小时候有段时间小伙伴们争相模仿上海滩许文强，我为了打败他们做上大哥的位置，把老妈当年送老爸的定情信物亲手织的白围巾偷了出来，再穿上老哥的风衣，最关键一步，家里没头油，我去厨房把菜籽油倒一些在手上往头上抹……最后我打败所有人，成功做了大哥。神气大半天肚子饿了回家吃饭，老姐紧张的说：狗蛋，你闯祸了，你把菜籽油用这么多！老妈回来发现怎么办？我可是做大哥的人。遇到事沉着冷静，指挥姐姐把洗菜盆拿来，倒半盆温水，把头伸进去洗了起来……当天晚上老爸老妈做农活回来吃着香喷喷的面条，直夸姐姐做饭进步很大，心
…
查看全文"
净心居士,我想了又想，我今晚要对女神表白，有人问:明天不能表白吗？我说:明天怕她不相信[捂脸][捂脸][捂脸]
半截烟云,初中班 主 任的儿子昨天生日，老 班在朋 友 圈 晒了他陪儿子过生日的照片。我想着应该祝福一下，评 论 区 :陆 老师晚上好，今天您儿子生日，学生在此祝小帅哥生 日 快 乐，越来越帅！不一会儿收到老 班 私 信:你是六班的陈 某 某吧？谢谢你的祝福，我说是的。于是老 班开始了他的灵 魂 三 连 问:十多年了，你现在工作怎么样？嫁 人了吗？有没有长高点啊？我太难了……​
孤心傲月,刚结婚时基本都是老婆煮饭，我发现每次她煮的饭都很咸，有时咸的让我有点无法接受，但我又不敢明确提出意见，怕以后老婆让我煮饭。一次无意中发现老婆盛好饭后，竟然偷偷的给我碗里放盐。
撞死一只羊,晚上女同事给我转了520过来，我顿时懵了，发了几个问号给她。她回：不好意思，我发错了，本想发给我老公的，他名字跟你很接近。我：谁不知道你还单身着，上周还嚷着让我们给你介绍对象呢。女同事：那你看着办吧，如果你愿意就还给我。于是接收后，我又转回去了。刚刷手机，看到女同事把截图发朋友圈了，配上三个大红心。看来我是被套路了……
半截烟云,老妈换新手机，嫌之前装手机的包包小了，让我给她重新买一个，我浏览半天，挑选了几个不同的颜色，要下单时我问老妈喜欢哪个颜色，老妈瞅了一眼说:你今年多大了?​我一脸懵 圈:二十七呀，您忘了。老妈气不打一处来直接怼我:你还知道二十七了啊，你看你选的都是些啥货色，黑 不 溜 秋，死 气沉沉的，一点朝气都没有，重新选，给我挑最艳 丽的那种……​
-小门神~,新房在装修，老爸买了跑步机，我知道这是让我学会锻炼！又买了很多书，我知道这是要我学会做人！可为啥我房间插座是装在天花板上，难道是要我学会飞檐走壁吗[诶~]
初见&兔兔…,在医院按摩椅这里坐着等结果，寻思着按摩一会打发时间。谁曾想扫完码后椅子一动不动，难道坏了?猛然间发现我左边的大叔浑身在抖着，嘴里吭吭唧唧的，一脸享受的样子……兔兔老师这是做了好事了？
吴鑫卞布慧授伤,去面试，面试的老板怔怔的看着我，过了会说我长的好像他初 恋我一听很激动，心想这下面试肯定成功，说不定还能发展成霸 道 总 裁爱 上小 文 员，开心的说：你这么优秀那她一定很爱你。老板愤愤的说：爱鬼！我为她辛苦打拼，她居然和别人好了，所以你回去吧。。。
带翅膀的老司机,我语文不好，但我会写中国！我英语不好，但我会读China！我地理不好，但我知道地图上的雄鸡！我数学不好，但我记得960万平方千米我历史不好，但我永远不会忘记1949！此生无悔入华
无书斋主,中午从小巷子路过，头上突然淋了滴雨，心想谁家就开空调了？没热到这份上啊！……跟着又有雨下来，抬头……我靠，是一个五六岁的熊孩子在楼顶撒尿！！！
我是谁∽谁是我,今天视  频跟哥们聊天，他说：你我都怎么大岁数了还能在外地做几年？我跟他说能做几年是几年呗，反正后路已找好了，还特清闲的。他说：带我一起呗，做建筑太累了？我说：你都不问问我干'啥就一起？他说：我相信你的问啥。我跟他说：今天路过县医院门前的天桥下，看到两个叫花子。岁数都不小了，他们应该快退休了，我看好他们那位置了。他。。。。。
小恩的老公8,平时都是用微信付钱，极少用支 付 宝，昨天媳妇让我支 付 宝转钱给她还花 呗。转的时候才发现还要人脸验证，让张张嘴，眨眨眼，我眨眼了就是通不过，只好使劲儿睁大眼睛，连续好几次还是不行……后来我把支 付 宝投诉了，因为它让我这样眼小的人感受到深深的伤害……
歌歌哒f,"我嫂子预产期是四月底，年前我哥一个人去老家拜年时想着买了点土鸡蛋回来，谁知道一去就被封村里了，我哥一想正好多买点，当可以回来时已经收了好多了，为了防止路上颠破就找了个箱子，放了好些稻草破棉被垫着，封好后拉着就回来了，到家后也没拿出来，直接放屋里了，过了一段时间就听见里面有唧唧唧的叫声，打开一看出了好几只小鸡，没出的也坏了些，没办法我哥只好养着，后来陆陆续续的又出了几只，这几天我哥每天除了喂鸡以外就是用手摸着我嫂子的肚子说：娃儿，别着急啊，多待几天等小鸡长大后，妈妈就能吃到新鲜的土鸡蛋了
…
查看全文"
义行天下7,带儿子去逛商场买玩具，许久没逛，儿子在商场里疯 跑啊，突然儿子在不远处喊到:爸爸快来看呀，看这是怎么回事？我以为儿子又发现什么好玩的玩具了，边走过去边说:宝 贝，看上什么尽管买！谁知儿子望着那一排搓衣板说:爸爸，你看这搓衣板跟咱家的是不是不一样？我:哪里不一样？都是一块搓衣板！儿子:咱家那块搓衣板上有两个“圈 圈”，那两个“圈 圈”还很光滑！你看这些都没有！卧槽，把我气的，特么还想要玩具，走回家……
笨小子，说宠我,~周末跟哥哥嫂子还有侄女去游乐场玩儿。这一天玩的嗨呀，手机拍照都拍没电了，下午准备从游乐场出来时看到角落的鬼屋，我跟我哥说我想进去看看，我哥还没说啥，侄女拦住我带着哭腔说“姑姑，别去，听说里面有僵尸恶鬼，你要被鬼吃了，我就没姑姑了，”看着眼睛里噙着眼泪的侄女，我感动的说“好好好，姑姑不去了，你别哭。。”回到家，我得意的跟我妈说“别看我跟妞妞天天吵架，关键时刻，她还挺关心我的。。”侄女在一旁撇撇嘴说“要不是你手机没电，还得让我爸给你买门 票，我才不管你，天天偷我零食，让鬼吃了你才好……”
石锅拌着饭,隔壁家有一对富豪夫妻，天天吵架，最近终于吵离婚了，男的开走了豪车，女的留下了房子。今天下楼的时候发现我前几天刚买的甲壳虫旁边还有一辆甲壳虫，颜色款式内饰都一样，连车牌号也只差一个数字，整的我都差点认不出哪辆是我的！多方打听才知道车居然就是对面美女的。我脑子里一下就有了不切实际的想法，莫非她看上我了？第二天我才知道我想错了，他老公找人来砸车的时候，直接把我的给砸了…
天热打鼓球,"同事豪哥的两个手腕上都有纹身，一边一个字。有一天豪哥喝多了，就跟我讲了这两个字的来历。豪哥和前女友爱得刻骨铭心，相约把对方的名字纹在身上。师傅建议，纹在肉多的地方容易变形，最好是纹在骨头多的地方，就是有点疼。被爱情冲昏了头脑的豪哥，毫不犹豫的选择了纹在手腕处，醒目且不变形，象征着对爱永不变心。可到女朋友时，她怕疼，于是问师傅：怎么才能又不疼又醒目又不变形还要让人一看就知道是一对。师傅开玩笑的指指豪哥：哪里有这种办法？除非都纹在他身上……对了他女朋友姓雷名放，小名放放！这是个悲伤
…
查看全文"
花七七…,离异的女上司要出席一个聚会，她前夫也在，于是请我假扮她丈夫，想到她平时对我颇为照顾，就答应了。狗血的是她前夫也请人假扮夫人，而且是我夫人
我是谁∽谁是我,装修公司做日记工的，今年大家都知道的，情况特殊，工地都没有开工，所以就没有收入了。家里出来带的钱花的差不多了，去菜市场里买了个大白萝卜，准备晚上吃，不巧遇见一起做活的老张，见他手里拎了一袋火锅底料。我说：呦，老张晚上吃火锅啊？老张说：你家牛肉炖萝卜吗？我说：假装炖个萝卜，假装，都那么假，还装什么装？老张：可不是咋滴，光吃萝卜实在吃不下了，拿它调调味。我：你提醒的好。。。。
(糗名昭著)~魅儿…,闺蜜结婚，我当伴娘，花了一星期和伴娘团设计了许多节目和陷阱，让新郎防不胜防掏红包。可结婚那天，新娘自己提着一双备用鞋开门就跑了！嘴里还骂骂咧咧：想坑我老公的钱？没门！我和她娘家的人都惊呆了。
死去的帅哥,买了一条新裤子，长了，拿去改裤脚老板娘问，明天星期几我看了一下手机说，今天星期三老板娘愣了一下又问，那明天星期几？MMP，我都不知道怎么回她是我傻？还是她要调   .戏  我？[色色的]
吃了两碗又盛,媳妇买了个“网红搓衣板”，软的，不用时能卷起来，背面有若干个吸盘，据说想怎么用就能怎么用。我试了，无论洗手盆还是台面都吸不住，吸在地上倒是稳稳的，，，，
无书斋主,昨晚，一离婚三年的哥们来电，说有个好地方让我见识下，我一听，心瞬间躁动起来，赶忙和老婆撒谎，和他去了……车七拐八拐的到了一家农舍，给我们泡茶的小姑娘不但有气质还美，就在我准备和哥们说很不错的时间，出来了一老先生！！……果然是好地方，老先生给我俩讲了三个多小时的易经和轮回！回家，老婆说我气质都变了！！……
我是谁∽谁是我,老婆的同事小刘在单位游说：大蒜能抗 病 毒，她们公司的人，把小刘家长的一千多斤大蒜买完了。说实话大蒜红烧肉，红烧鸡肉都狠香的。就是我的指甲受不了了。。。
净心居士,一年级的时候，有一次胖丫因为某件事和我吵了起来，突然在我手臂上狠狠的咬了一口[大哭][大哭][大哭]谁知道当时她正在换牙，牙齿都磕坏了[捂脸][捂脸][捂脸]吓了我买了好多东西都没哄好她，一直说我是番帮进贡的怪兽。
无书斋主,昨天在一酒店的卫生间遇见十多年前的领导，想到这特殊场合就没语言打招呼，点头示意了下！！出来兴冲冲跑到他那准备寒暄时，正好听见他说：刚遇见L正，这小子看我退休了，竟然话都不说，人走茶凉，这社会现实啊……我急忙刹车，进退两难了……
空城旧梦她与伞,你说世界上的事有时候咋就那么巧呢?一个同事，为人不错，却大龄单身，刚好我老婆单位上的一个女孩子，也被家里催婚。于是撮合他们两个见个面，电话联系好以后，晚上吃夜宵。等两人正式打照面，都愣住了。女孩先开口:表哥，怎么是你?男的也说:表妹，怎么是你?妈呀，后来才弄清楚，我同事的老爸是那女孩的亲舅舅。唉，这事整的……
番.茄爱上西红柿,在大姨家小住，晚上睡觉落枕了，歪着脖子跟大姨去买药，一进门就碰到个大妈，大姨笑着跟那大妈打招呼，并跟我介绍说这是他们村的媒婆，大妈看着我，笑得见牙不见眼：哎呀，这哪家的姑娘啊，这么水灵！边说边把大姨拉到一边，压低声音说：这姑娘是你外甥女吧！这脖子歪得好啊！我后院那个瘸子，你知道的吧！他托我给介绍个媳妇，介 绍 费可不低呢！我看你这歪脖子姑娘就行，介 绍 费一人一半，咋样？
千丝雨ベ万人迷,损友昨天晚上损我，我说不过她，说道:我去睡觉了，懒得理你!她回了一句:咋滴，现实说不过我，打算去梦里损我，赢我一回吗?
千丝雨ベ万人迷,前些年刚刚玩微信的时候和几个不错的妹子建了一个群，长相不怎么出众的我被她们选为女神并且以魅力女神命名，还是群大。后来这个群里就出现了，比神还要漂亮的女人，比神还要高的的女人，皮肤比神还要白皙的女人，比神还要聪明的女人，比神吨位还要小的女人……最可气的就是这些凡人陆陆续续的都结婚，而女神缺蜕变成了单身狗
艾玛*^o^*ZW…,跟渣男分手快两个月了，偶然发现他还在用我的会员账号看视频和电视剧，于是悄悄锁定他的电视进度，终于在他看到大结局前一集时改了密码…
依丽若水,以前，我俩感情日深。有天晚上，我洗完藻，就披着湿漉的长发，喜滋滋的试婚纱。男友进来，我转头看他，他却一声惨叫。我40码的鞋底摔他脸上，“叫丧啊”他哆嗦说“我小学偷看《午夜凶铃》，贞子正从电视往外爬。可CD卡了，年少的我又不敢靠前，昏灯下，我俩对峙很久，我盯着她，她不错眼的盯着我。像极了现在的你..”。。妮玛[中毒了][中毒了]
千丝雨ベ万人迷,今天在群里聊天，认识一个自称黄 大 仙，说自己算卦很准的。我本着开玩笑的心态问:我家男神什么时候出现？他说:就在这个月底，31号很适合你表白，时间最好是晚上25点当我还没有反应过来时群里一个个的发来大笑的表情
花七七…,刚工作那会，单位有个老大姐，隔三差五的给我介绍对象，当时我极为自信，自以为能凭实力找到另一半，所以都婉拒了，直到老大姐退休。昨天偶遇老大姐，相聊甚欢之下，我央她给介绍个对象，老大姐却只抛给我五个字：你膨胀了啊！
孤心傲月,刚刚，就刚刚，我在卧室， 老公一会进来抱我一下， 然后出去，一会又进来吻我一下， 我娇羞的说，今晚怎么这么粘人，老公犹豫了一下说，“游戏更新呢”
义行天下7,"天气转暖，老婆说她同事天天穿的高领毛衣今天突然改穿低, 胸 装了！你猜为啥？我:天热了，那正常啊！老婆:你看我脖子里？啥也没有，其实因为她老公给她新买的金项链！我一狠心:走，给你买个高领毛衣去……"
吴鑫卞布慧授伤,起来迟了没吃早饭，这时有个小哥哥寄快递，我一看，好多巧克力，蛋糕。小哥哥填单子的时候我拿着巧克力忍不住吞口水，恋恋不舍的往箱子里放，这时肚子不争气的咕噜咕噜的叫了起来。这时小哥哥看看我说：我不寄了。拿起东西就跑了。。。
老巫婆～～,闺蜜考驾照，练了两次车她就感觉她可以上路了。结果考试的时候她一摸方向盘她就懵了。我问闺蜜：你是不是考试紧张了？闺蜜：不是～主要这考试时候的方向盘不是原来的那个方向盘了！[笑哭][笑哭][笑哭]
聊天不撩妹子,家里有麻  将机，三岁多小外孙孙每次来，就玩搭麻  将。今天见他搭了好久很高了，也过去给他帮忙继续加高，谁知道我刚放两张，哗啦一下全倒了 ，看他眼神不对马上要哭，我立刻抢先扑到麻  将机上嗷嗷大哭：倒了。。。倒了。偷偷从手丫见他眼睛睁好大，然后过我这边安慰我：舅爷爷别哭了，别哭了，我再帮你搭起来好了。”我。。。表演成功。。哈  哈哈 哈。。
